cutoff,model,location,state,plots,actual_mean,predicted_mean,bias,mae,rmse,actual_min,actual_max,predicted_min,predicted_max,negative_predictions,lowest_10_predicted_mean,usda_state_yield_2022
60,agronomy,Ames,Iowa,487,130.33131416837784,40.211958841160296,-90.11935532721753,90.15618425872061,95.56171176893834,27.3,221.49,6.194266136095763,80.17436599981014,0,14.13112515025787,200.0
60,agronomy,Crawfordsville,Iowa,488,165.10293032786888,133.10637451379893,-31.99655581406993,34.068760969547796,40.68592979893942,69.54,243.93,91.35120415316364,162.35911496295387,0,97.53031829557885,200.0
60,agronomy,Lincoln,Nebraska,504,41.231726190476195,132.49347978972114,91.26175359924494,91.35326547409964,95.46171382791235,1.67,144.93,80.52234614825471,183.2089492128341,0,85.54531493294125,165.0
60,agronomy,MOValley,Iowa,163,152.4587116564417,176.0014308761365,23.54271921969479,26.14288078757936,32.839320160077115,89.59,214.08,128.5987181354212,206.0981018121641,0,134.2490417618739,200.0
60,agronomy,Scottsbluff,Nebraska,489,143.35507157464212,55.86167559304649,-87.49339598159564,87.65243328108228,96.6427625686195,49.68,229.16,7.051322743409472,99.89142009231838,0,12.57136973137645,165.0
60,combined,Ames,Iowa,487,130.33131416837784,35.2452388220653,-95.08607534631251,95.09705927525425,99.54279062862418,27.3,221.49,-1.435374434841208,64.55944371488118,1,8.98265061051281,200.0
60,combined,Crawfordsville,Iowa,488,165.10293032786888,149.54963764799817,-15.553292679870678,21.392568247410598,27.063399197599782,69.54,243.93,122.652555110621,163.47726845570406,0,130.81230061477373,200.0
60,combined,Lincoln,Nebraska,504,41.231726190476195,134.24945316935492,93.0177269788787,93.05332444515616,95.80574219536244,1.67,144.93,95.3805114135194,178.59920396494067,0,98.50053877558018,165.0
60,combined,MOValley,Iowa,163,152.4587116564417,158.20334757736956,5.744635920927849,18.43056601363073,23.895559187524654,89.59,214.08,141.09789444554886,173.6631407612391,0,143.23113584647666,200.0
60,combined,Scottsbluff,Nebraska,489,143.35507157464212,31.5528098345067,-111.80226174013542,111.80226174013542,117.1996213083895,49.68,229.16,11.075221472016736,58.01518888713285,0,14.74653393512724,165.0
60,mean,Ames,Iowa,487,130.33131416837784,119.40536496350364,-10.92594920487418,26.974831232482497,33.59990868565622,27.3,221.49,119.40536496350364,119.40536496350364,0,119.40536496350364,200.0
60,mean,Crawfordsville,Iowa,488,165.10293032786888,109.07093122337189,-56.031999104496954,56.45932471837799,61.22565398456936,69.54,243.93,109.0709312233719,109.0709312233719,0,109.0709312233719,200.0
60,mean,Lincoln,Nebraska,504,41.231726190476195,146.8918131530424,105.66008696256623,105.66008696256623,108.55109748970403,1.67,144.93,146.89181315304242,146.89181315304242,0,146.89181315304242,165.0
60,mean,MOValley,Iowa,163,152.4587116564417,119.37144308943087,-33.08726856701082,35.50974275524963,41.00671633221745,89.59,214.08,119.3714430894309,119.3714430894309,0,119.37144308943088,200.0
60,mean,Scottsbluff,Nebraska,489,143.35507157464212,115.51348355663823,-27.841588018003893,36.190934941427614,44.053306124120525,49.68,229.16,115.51348355663823,115.51348355663823,0,115.51348355663825,165.0
60,ridge_agronomy,Ames,Iowa,487,130.33131416837784,64.52799851293075,-65.80331565544708,66.40349276568534,73.35638276684806,27.3,221.49,53.1777201526366,78.21420198964066,0,54.26117011454924,200.0
60,ridge_agronomy,Crawfordsville,Iowa,488,165.10293032786888,116.58911710286716,-48.513813225001684,49.1273077192385,53.87189671027398,69.54,243.93,107.98481782422706,125.75943257469896,0,109.68002478951391,200.0
60,ridge_agronomy,Lincoln,Nebraska,504,41.231726190476195,138.37079342741382,97.13906723693765,97.16461172780079,100.15389585069197,1.67,144.93,129.09780121437683,150.01655301170675,0,130.17400425522948,165.0
60,ridge_agronomy,MOValley,Iowa,163,152.4587116564417,240.691752761991,88.2330411055493,88.2330411055493,91.15276230451089,89.59,214.08,233.42734255874035,248.59292376644785,0,234.5686662140994,200.0
60,ridge_agronomy,Scottsbluff,Nebraska,489,143.35507157464212,106.30419577379985,-37.050875800842284,42.95922444650247,51.63610197543772,49.68,229.16,94.3215674386028,118.65243853428012,0,95.37829205703865,165.0
60,ridge_combined,Ames,Iowa,487,130.33131416837784,-33.237726506306835,-163.5690406746847,163.5690406746847,168.09214834306982,27.3,221.49,-71.99170138601727,-6.739463711713796,487,-66.90240939699542,200.0
60,ridge_combined,Crawfordsville,Iowa,488,165.10293032786888,60.23790020292983,-104.86503012493903,104.86503012493903,107.39269145965552,69.54,243.93,40.11202234927149,79.45485867313907,0,43.03086244806912,200.0
60,ridge_combined,Lincoln,Nebraska,504,41.231726190476195,141.91894411458838,100.68721792411218,100.68721792411218,103.11839912626526,1.67,144.93,117.93164921606648,160.40732095979513,0,124.81193296875128,165.0
60,ridge_combined,MOValley,Iowa,163,152.4587116564417,204.31856573378053,51.85985407733877,51.91577586401714,56.77059894092551,89.59,214.08,198.4021582213176,214.0982666589304,0,199.44848876126105,200.0
60,ridge_combined,Scottsbluff,Nebraska,489,143.35507157464212,-42.43629019245894,-185.79136176710105,185.79136176710105,191.92071525370977,49.68,229.16,-136.58213917001012,22.20430166645409,466,-118.05397092356414,165.0
75,agronomy,Ames,Iowa,487,130.33131416837784,40.211958841160296,-90.11935532721753,90.15618425872061,95.56171176893834,27.3,221.49,6.194266136095763,80.17436599981014,0,14.13112515025787,200.0
75,agronomy,Crawfordsville,Iowa,488,165.10293032786888,133.10637451379893,-31.99655581406993,34.068760969547796,40.68592979893942,69.54,243.93,91.35120415316364,162.35911496295387,0,97.53031829557885,200.0
75,agronomy,Lincoln,Nebraska,504,41.231726190476195,132.49347978972114,91.26175359924494,91.35326547409964,95.46171382791235,1.67,144.93,80.52234614825471,183.2089492128341,0,85.54531493294125,165.0
75,agronomy,MOValley,Iowa,163,152.4587116564417,176.0014308761365,23.54271921969479,26.14288078757936,32.839320160077115,89.59,214.08,128.5987181354212,206.0981018121641,0,134.2490417618739,200.0
75,agronomy,Scottsbluff,Nebraska,489,143.35507157464212,55.86167559304649,-87.49339598159564,87.65243328108228,96.6427625686195,49.68,229.16,7.051322743409472,99.89142009231838,0,12.57136973137645,165.0
75,combined,Ames,Iowa,487,130.33131416837784,113.32932738481935,-17.00198678355847,27.606115130913008,34.15439916520711,27.3,221.49,73.98938229690955,138.94850416622432,0,81.02599879696294,200.0
75,combined,Crawfordsville,Iowa,488,165.10293032786888,151.64436163088212,-13.458568696986726,21.62093743179477,27.1366021332851,69.54,243.93,118.91736457723997,175.5721675000156,0,123.53710517207438,200.0
75,combined,Lincoln,Nebraska,504,41.231726190476195,116.03372833493873,74.80200214446253,74.88025069531498,77.72841306412447,1.67,144.93,76.22862076618077,170.44959505765104,0,84.68276058514104,165.0
75,combined,MOValley,Iowa,163,152.4587116564417,98.42187368206984,-54.03683797437188,54.06816720257103,58.19774280188003,89.59,214.08,71.89158035338527,123.56086759499628,0,79.95297980977423,200.0
75,combined,Scottsbluff,Nebraska,489,143.35507157464212,91.82951792040576,-51.525553654236354,53.94584641953248,61.86460595813697,49.68,229.16,70.094362697066,114.8911929097912,0,76.3449275723269,165.0
75,mean,Ames,Iowa,487,130.33131416837784,119.40536496350364,-10.92594920487418,26.974831232482497,33.59990868565622,27.3,221.49,119.40536496350364,119.40536496350364,0,119.40536496350364,200.0
75,mean,Crawfordsville,Iowa,488,165.10293032786888,109.07093122337189,-56.031999104496954,56.45932471837799,61.22565398456936,69.54,243.93,109.0709312233719,109.0709312233719,0,109.0709312233719,200.0
75,mean,Lincoln,Nebraska,504,41.231726190476195,146.8918131530424,105.66008696256623,105.66008696256623,108.55109748970403,1.67,144.93,146.89181315304242,146.89181315304242,0,146.89181315304242,165.0
75,mean,MOValley,Iowa,163,152.4587116564417,119.37144308943087,-33.08726856701082,35.50974275524963,41.00671633221745,89.59,214.08,119.3714430894309,119.3714430894309,0,119.37144308943088,200.0
75,mean,Scottsbluff,Nebraska,489,143.35507157464212,115.51348355663823,-27.841588018003893,36.190934941427614,44.053306124120525,49.68,229.16,115.51348355663823,115.51348355663823,0,115.51348355663825,165.0
75,ridge_agronomy,Ames,Iowa,487,130.33131416837784,64.52799851293075,-65.80331565544708,66.40349276568534,73.35638276684806,27.3,221.49,53.1777201526366,78.21420198964066,0,54.26117011454924,200.0
75,ridge_agronomy,Crawfordsville,Iowa,488,165.10293032786888,116.58911710286716,-48.513813225001684,49.1273077192385,53.87189671027398,69.54,243.93,107.98481782422706,125.75943257469896,0,109.68002478951391,200.0
75,ridge_agronomy,Lincoln,Nebraska,504,41.231726190476195,138.37079342741382,97.13906723693765,97.16461172780079,100.15389585069197,1.67,144.93,129.09780121437683,150.01655301170675,0,130.17400425522948,165.0
75,ridge_agronomy,MOValley,Iowa,163,152.4587116564417,240.691752761991,88.2330411055493,88.2330411055493,91.15276230451089,89.59,214.08,233.42734255874035,248.59292376644785,0,234.5686662140994,200.0
75,ridge_agronomy,Scottsbluff,Nebraska,489,143.35507157464212,106.30419577379985,-37.050875800842284,42.95922444650247,51.63610197543772,49.68,229.16,94.3215674386028,118.65243853428012,0,95.37829205703865,165.0
75,ridge_combined,Ames,Iowa,487,130.33131416837784,107.73673038015068,-22.59458378822714,32.58886450911366,40.216072992321074,27.3,221.49,81.45622513522201,131.07107391432723,0,84.52105251715123,200.0
75,ridge_combined,Crawfordsville,Iowa,488,165.10293032786888,195.64900171633894,30.546071388470118,32.40136578123851,38.071550367266795,69.54,243.93,170.30556851317414,214.34717931142472,0,178.18014800811406,200.0
75,ridge_combined,Lincoln,Nebraska,504,41.231726190476195,160.48064946085353,119.24892327037736,119.24892327037736,121.34454099595428,1.67,144.93,125.24195237830337,200.00472698385025,0,128.82071910305854,165.0
75,ridge_combined,MOValley,Iowa,163,152.4587116564417,88.29770801947781,-64.16100363696391,64.16100363696391,67.84769751891373,89.59,214.08,78.81545745774339,103.47203555066037,0,81.26215608728582,200.0
75,ridge_combined,Scottsbluff,Nebraska,489,143.35507157464212,43.39118789679477,-99.96388367784738,100.25236393224324,111.83075246224207,49.68,229.16,-54.981844969705975,123.55350554794366,38,-38.569247928415976,165.0
90,agronomy,Ames,Iowa,487,130.33131416837784,40.211958841160296,-90.11935532721753,90.15618425872061,95.56171176893834,27.3,221.49,6.194266136095763,80.17436599981014,0,14.13112515025787,200.0
90,agronomy,Crawfordsville,Iowa,488,165.10293032786888,133.10637451379893,-31.99655581406993,34.068760969547796,40.68592979893942,69.54,243.93,91.35120415316364,162.35911496295387,0,97.53031829557885,200.0
90,agronomy,Lincoln,Nebraska,504,41.231726190476195,132.49347978972114,91.26175359924494,91.35326547409964,95.46171382791235,1.67,144.93,80.52234614825471,183.2089492128341,0,85.54531493294125,165.0
90,agronomy,MOValley,Iowa,163,152.4587116564417,176.0014308761365,23.54271921969479,26.14288078757936,32.839320160077115,89.59,214.08,128.5987181354212,206.0981018121641,0,134.2490417618739,200.0
90,agronomy,Scottsbluff,Nebraska,489,143.35507157464212,55.86167559304649,-87.49339598159564,87.65243328108228,96.6427625686195,49.68,229.16,7.051322743409472,99.89142009231838,0,12.57136973137645,165.0
90,combined,Ames,Iowa,487,130.33131416837784,124.11709531850319,-6.214218849874632,24.641483538590013,30.772868907137173,27.3,221.49,87.3311940350591,155.3136396664916,0,93.55458644349645,200.0
90,combined,Crawfordsville,Iowa,488,165.10293032786888,125.03101223803958,-40.07191808982928,41.05117085378217,46.10869691369824,69.54,243.93,90.41956132944505,155.78716035738898,0,97.07995851695725,200.0
90,combined,Lincoln,Nebraska,504,41.231726190476195,111.68955591110632,70.45782972063014,70.63936486108489,74.66478622229887,1.67,144.93,84.60664875371506,131.58299366418387,0,86.90517608463304,165.0
90,combined,MOValley,Iowa,163,152.4587116564417,152.14800350671166,-0.31070814973003513,16.688327963902996,20.929753451050985,89.59,214.08,118.43695646474092,180.47662896443663,0,127.69287515744854,200.0
90,combined,Scottsbluff,Nebraska,489,143.35507157464212,101.65712611923783,-41.6979454554043,47.78549754610883,58.823309714831296,49.68,229.16,31.503210965086936,146.8484833028429,0,44.546784627648506,165.0
90,mean,Ames,Iowa,487,130.33131416837784,119.40536496350364,-10.92594920487418,26.974831232482497,33.59990868565622,27.3,221.49,119.40536496350364,119.40536496350364,0,119.40536496350364,200.0
90,mean,Crawfordsville,Iowa,488,165.10293032786888,109.07093122337189,-56.031999104496954,56.45932471837799,61.22565398456936,69.54,243.93,109.0709312233719,109.0709312233719,0,109.0709312233719,200.0
90,mean,Lincoln,Nebraska,504,41.231726190476195,146.8918131530424,105.66008696256623,105.66008696256623,108.55109748970403,1.67,144.93,146.89181315304242,146.89181315304242,0,146.89181315304242,165.0
90,mean,MOValley,Iowa,163,152.4587116564417,119.37144308943087,-33.08726856701082,35.50974275524963,41.00671633221745,89.59,214.08,119.3714430894309,119.3714430894309,0,119.37144308943088,200.0
90,mean,Scottsbluff,Nebraska,489,143.35507157464212,115.51348355663823,-27.841588018003893,36.190934941427614,44.053306124120525,49.68,229.16,115.51348355663823,115.51348355663823,0,115.51348355663825,165.0
90,ridge_agronomy,Ames,Iowa,487,130.33131416837784,64.52799851293075,-65.80331565544708,66.40349276568534,73.35638276684806,27.3,221.49,53.1777201526366,78.21420198964066,0,54.26117011454924,200.0
90,ridge_agronomy,Crawfordsville,Iowa,488,165.10293032786888,116.58911710286716,-48.513813225001684,49.1273077192385,53.87189671027398,69.54,243.93,107.98481782422706,125.75943257469896,0,109.68002478951391,200.0
90,ridge_agronomy,Lincoln,Nebraska,504,41.231726190476195,138.37079342741382,97.13906723693765,97.16461172780079,100.15389585069197,1.67,144.93,129.09780121437683,150.01655301170675,0,130.17400425522948,165.0
90,ridge_agronomy,MOValley,Iowa,163,152.4587116564417,240.691752761991,88.2330411055493,88.2330411055493,91.15276230451089,89.59,214.08,233.42734255874035,248.59292376644785,0,234.5686662140994,200.0
90,ridge_agronomy,Scottsbluff,Nebraska,489,143.35507157464212,106.30419577379985,-37.050875800842284,42.95922444650247,51.63610197543772,49.68,229.16,94.3215674386028,118.65243853428012,0,95.37829205703865,165.0
90,ridge_combined,Ames,Iowa,487,130.33131416837784,141.40523928535373,11.073925116975918,26.226828716280192,32.3284428634531,27.3,221.49,113.33577057978108,165.68708649580566,0,118.53123573613625,200.0
90,ridge_combined,Crawfordsville,Iowa,488,165.10293032786888,133.6873773074054,-31.41555302046345,33.307278122533965,38.771775318159925,69.54,243.93,112.87354974907332,152.74895061241563,0,118.60039441667746,200.0
90,ridge_combined,Lincoln,Nebraska,504,41.231726190476195,103.71132000773012,62.47959381725392,62.855638829597,66.37537476511955,1.67,144.93,25.93416310163599,153.9763821512784,0,45.093978275292436,165.0
90,ridge_combined,MOValley,Iowa,163,152.4587116564417,158.42200500094253,5.963293344500824,17.509648754773394,22.441886415442312,89.59,214.08,144.4840624994988,178.78502867847106,0,147.78657099128284,200.0
90,ridge_combined,Scottsbluff,Nebraska,489,143.35507157464212,113.9359323915931,-29.41913918304902,41.87323464184684,53.59376534097607,49.68,229.16,10.68169910381438,162.95021331477392,0,39.24599364690007,165.0
