genotype,location,year,site_percentile,site_yield_advantage,site_yield_mean,treatments,replicates,min_cell_replicates
2369 X 3IIH6,Ames,2022,75.50200803212851,17.157281746031753,147.2566666666667,3,6,2
2369 X 3IIH6,Crawfordsville,2022,52.61044176706827,3.4540476190476284,168.30499999999998,3,6,2
2369 X 3IIH6,Lincoln,2022,36.54618473895582,-7.04793650793651,33.67666666666667,3,6,2
2369 X 3IIH6,MOValley,2022,57.83132530120482,4.1663690476190425,157.05,1,2,2
2369 X 3IIH6,Scottsbluff,2022,70.23214810461359,13.189408793905775,154.6966666666667,3,6,2
2369 X LH123HT,Ames,2022,21.285140562248994,-20.762718253968263,109.33666666666666,3,6,2
2369 X LH123HT,Crawfordsville,2022,56.626506024096386,2.8023809523809575,167.65333333333334,3,6,2
2369 X LH123HT,Lincoln,2022,2.4096385542168677,-31.07460317460318,9.65,3,6,2
2369 X LH123HT,MOValley,2022,26.50602409638554,-12.983630952380992,139.89999999999998,1,2,2
2369 X LH123HT,Scottsbluff,2022,50.401606425702816,1.2810754605724526,142.78833333333333,3,6,2
2369 X PHN82,Ames,2022,35.34136546184739,-8.414384920634925,121.685,3,6,2
2369 X PHN82,Crawfordsville,2022,63.05220883534136,6.455714285714303,171.3066666666667,3,6,2
2369 X PHN82,Lincoln,2022,71.08433734939759,13.318730158730157,54.04333333333333,3,6,2
2369 X PHN82,MOValley,2022,32.53012048192771,-8.623630952380978,144.26,1,2,2
2369 X PHN82,Scottsbluff,2022,55.132726026055444,2.844408793905776,144.35166666666666,3,6,2
2369 X PHP02,Ames,2022,36.144578313253014,-7.301051587301591,122.79833333333333,3,6,2
2369 X PHP02,Crawfordsville,2022,36.54618473895582,-7.204285714285703,157.64666666666668,3,6,2
2369 X PHP02,Lincoln,2022,45.58232931726908,-2.496269841269843,38.22833333333333,3,6,2
2369 X PHP02,MOValley,2022,27.710843373493976,-12.39363095238096,140.49,1,2,2
2369 X PHP02,Scottsbluff,2022,74.99755118033109,14.682742127239104,156.19,3,6,2
2369 X PHZ51,Ames,2022,32.1285140562249,-10.356051587301598,119.74333333333334,3,6,2
2369 X PHZ51,Crawfordsville,2022,10.04016064257028,-25.67095238095237,139.17999999999998,3,6,2
2369 X PHZ51,Lincoln,2022,66.66666666666667,9.722063492063493,50.446666666666665,3,6,2
2369 X PHZ51,MOValley,2022,14.457831325301205,-19.638630952380964,133.245,1,2,2
2369 X PHZ51,Scottsbluff,2022,65.80468214320697,10.476075460572446,151.98333333333335,3,5,1
2FACC X 3IIH6,Ames,2022,76.70682730923694,14.785615079365082,144.88500000000002,3,6,2
2FACC X 3IIH6,Crawfordsville,2022,67.46987951807229,8.0207142857143,172.87166666666667,3,6,2
2FACC X 3IIH6,Lincoln,2022,41.76706827309237,-6.214603174603176,34.51,3,6,2
2FACC X 3IIH6,MOValley,2022,44.57831325301205,-3.0986309523809723,149.785,1,2,2
2FACC X 3IIH6,Scottsbluff,2022,76.27093740816927,20.281075460572442,161.78833333333333,3,6,2
4N506 X 3IIH6,Ames,2022,75.1004016064257,17.137281746031732,147.23666666666665,3,6,2
4N506 X 3IIH6,Crawfordsville,2022,30.12048192771084,-10.099285714285694,154.75166666666667,3,6,2
4N506 X 3IIH6,Lincoln,2022,17.670682730923698,-17.779603174603178,22.944999999999997,3,6,2
4N506 X 3IIH6,MOValley,2022,40.963855421686745,-4.223630952380972,148.66,1,2,2
4N506 X 3IIH6,Scottsbluff,2022,47.66382603585072,-0.5905912060942171,140.91666666666666,3,6,2
B105 X 3IIH6,Ames,2022,29.718875502008032,-16.492718253968263,113.60666666666667,3,6,2
B105 X 3IIH6,Crawfordsville,2022,27.710843373493976,-12.50928571428571,152.34166666666667,3,6,2
B105 X 3IIH6,Lincoln,2022,22.891566265060238,-14.924603174603176,25.8,3,6,2
B105 X 3IIH6,MOValley,2022,0.0,-50.043630952380965,102.84,1,2,2
B105 X 3IIH6,Scottsbluff,2022,33.47536487413067,-9.272257872760889,132.235,3,6,2
B14A X MO17,Ames,2022,57.83132530120482,5.158948412698398,135.25833333333333,3,6,2
B14A X MO17,Crawfordsville,2022,62.24899598393574,7.73738095238096,172.58833333333334,3,6,2
B14A X MO17,Lincoln,2022,56.82730923694779,2.6003968253968224,43.324999999999996,3,6,2
B14A X MO17,MOValley,2022,68.67469879518072,9.451369047619039,162.335,1,2,2
B14A X MO17,Scottsbluff,2022,30.938387697129983,-23.722257872760895,117.78500000000001,3,6,2
B37 X H95,Ames,2022,2.4096385542168677,-56.566051587301594,73.53333333333333,3,6,2
B37 X H95,Crawfordsville,2022,3.6144578313253013,-43.47595238095238,121.375,3,6,2
B37 X H95,Lincoln,2022,7.228915662650603,-23.244603174603174,17.48,3,6,2
B37 X H95,MOValley,2022,19.27710843373494,-16.973630952380972,135.91,1,2,2
B37 X H95,Scottsbluff,2022,10.936428641394848,-26.485591206094224,115.02166666666666,3,5,1
B37 X MO17,Ames,2022,24.899598393574298,-16.28105158730159,113.81833333333334,3,6,2
B37 X MO17,Crawfordsville,2022,29.317269076305223,-13.1142857142857,151.73666666666668,3,6,2
B37 X MO17,Lincoln,2022,26.907630522088354,-13.576269841269847,27.14833333333333,3,6,2
B37 X MO17,MOValley,2022,56.626506024096386,4.026369047619028,156.91,1,2,2
B37 X MO17,Scottsbluff,2022,21.32921931628955,-19.283924539427563,122.22333333333331,3,6,2
B37 X OH43,Ames,2022,9.23694779116466,-47.1660515873016,82.93333333333334,3,6,2
B37 X OH43,Crawfordsville,2022,10.843373493975903,-24.63928571428571,140.21166666666667,3,6,2
B37 X OH43,Lincoln,2022,24.497991967871485,-13.371269841269843,27.353333333333335,3,6,2
B37 X OH43,MOValley,2022,33.734939759036145,-6.398630952380955,146.485,1,2,2
B37 X OH43,Scottsbluff,2022,17.371926731315508,-21.743924539427564,119.76333333333332,3,6,2
B73 X 3IIH6,Ames,2022,82.73092369477912,24.765615079365062,154.86499999999998,3,6,2
B73 X 3IIH6,Crawfordsville,2022,72.28915662650603,13.24738095238096,178.09833333333333,3,6,2
B73 X 3IIH6,Lincoln,2022,10.04016064257028,-24.52293650793651,16.201666666666664,3,6,2
B73 X 3IIH6,MOValley,2022,6.024096385542169,-28.808630952380966,124.075,1,2,2
B73 X 3IIH6,Scottsbluff,2022,75.50200803212851,24.52274212723911,166.03,3,6,2
B73 X MO17,Ames,2022,46.58634538152611,-0.07271825396826632,130.02666666666667,3,6,2
B73 X MO17,Crawfordsville,2022,77.51004016064257,14.025714285714306,178.87666666666667,3,6,2
B73 X MO17,Lincoln,2022,36.54618473895582,-7.411269841269843,33.31333333333333,3,6,2
B73 X MO17,MOValley,2022,48.19277108433735,-0.8236309523809666,152.06,1,2,2
B73 X MO17,Scottsbluff,2022,45.136644137525714,0.09607546057243137,141.60333333333332,3,3,1
B73 X PHM49,Ames,2022,25.702811244979916,-14.572718253968267,115.52666666666666,3,6,2
B73 X PHM49,Crawfordsville,2022,90.76305220883535,28.617380952380966,193.46833333333333,3,6,2
B73 X PHM49,Lincoln,2022,14.658634538152612,-19.027936507936513,21.69666666666667,3,6,2
B73 X PHM49,MOValley,2022,75.90361445783132,13.546369047619038,166.43,1,2,2
B73 X PHM49,Scottsbluff,2022,46.42962092271525,-1.698924539427561,139.8083333333333,3,6,2
B73 X PHN82,Ames,2022,57.42971887550201,6.3239484126984,136.42333333333332,3,5,1
B73 X PHN82,Crawfordsville,2022,87.14859437751004,25.114047619047636,189.965,3,6,2
B73 X PHN82,Lincoln,2022,52.208835341365464,0.5453968253968225,41.27,3,6,2
B73 X PHN82,MOValley,2022,87.95180722891567,21.996369047619027,174.88,1,2,2
B73 X PHN82,Scottsbluff,2022,82.59378979331962,23.29940879390578,164.80666666666667,3,6,2
B73 X PHZ51,Ames,2022,33.333333333333336,-8.582718253968258,121.51666666666667,3,6,2
B73 X PHZ51,Crawfordsville,2022,31.32530120481928,-9.857619047619039,154.99333333333334,3,6,2
B73 X PHZ51,Lincoln,2022,51.00401606425703,-0.016269841269843727,40.708333333333336,3,6,2
B73 X PHZ51,MOValley,2022,7.228915662650603,-27.358630952380963,125.525,1,2,2
B73 X PHZ51,Scottsbluff,2022,33.837790185130764,-6.7972578727609045,134.71,3,6,2
B84 X 3IIH6,Ames,2022,44.97991967871486,-3.02938492063493,127.07,3,6,2
B84 X 3IIH6,Crawfordsville,2022,35.34136546184739,-8.837619047619038,156.01333333333332,3,6,2
B84 X 3IIH6,Lincoln,2022,35.341365461847396,-10.577936507936512,30.146666666666665,3,6,2
B84 X 3IIH6,MOValley,2022,3.6144578313253013,-35.32363095238097,117.56,1,2,2
B84 X 3IIH6,Scottsbluff,2022,66.86257224018023,10.087742127239105,151.595,3,6,2
F42 X MO17,Ames,2022,48.19277108433735,-0.05605158730159587,130.04333333333332,3,6,2
F42 X MO17,Crawfordsville,2022,48.192771084337345,3.49071428571429,168.34166666666667,3,6,2
F42 X MO17,Lincoln,2022,34.53815261044177,-6.741269841269843,33.983333333333334,3,6,2
F42 X MO17,MOValley,2022,91.56626506024097,23.871369047619027,176.755,1,2,2
F42 X MO17,Scottsbluff,2022,58.115388382799495,4.856075460572441,146.36333333333334,3,5,1
F42 X OH43,Ames,2022,19.27710843373494,-26.762718253968263,103.33666666666666,3,6,2
F42 X OH43,Crawfordsville,2022,45.381526104417674,-2.2442857142857044,162.60666666666665,3,6,2
F42 X OH43,Lincoln,2022,54.618473895582326,5.0770634920634885,45.80166666666667,3,6,2
F42 X OH43,MOValley,2022,55.42168674698795,3.7763690476190277,156.66,1,2,2
F42 X OH43,Scottsbluff,2022,48.78048780487805,-0.6689245394275645,140.83833333333334,3,6,2
HOEGEMEYER 7089 AMXT,Ames,2022,70.68273092369479,25.52228174603174,155.62166666666667,3,6,2
HOEGEMEYER 7089 AMXT,Crawfordsville,2022,95.58232931726907,44.92571428571429,209.77666666666664,3,6,2
HOEGEMEYER 7089 AMXT,Lincoln,2022,98.79518072289157,56.36373015873016,97.08833333333332,3,6,2
HOEGEMEYER 7089 AMXT,MOValley,2022,100.0,47.44136904761902,200.325,1,2,2
HOEGEMEYER 7089 AMXT,Scottsbluff,2022,67.65109217357234,15.314408793905764,156.82166666666666,3,6,2
HOEGEMEYER 8065RR,Ames,2022,84.33734939759036,32.0039484126984,162.10333333333332,3,6,2
HOEGEMEYER 8065RR,Crawfordsville,2022,98.79518072289157,51.57404761904763,216.42499999999998,3,6,2
HOEGEMEYER 8065RR,Lincoln,2022,95.98393574297188,38.34039682539682,79.065,3,6,2
HOEGEMEYER 8065RR,MOValley,2022,97.59036144578313,42.41136904761905,195.29500000000002,1,2,2
HOEGEMEYER 8065RR,Scottsbluff,2022,90.28798119306494,28.89107546057245,170.39833333333334,3,5,1
LH123HT X 3IIH6,Ames,2022,48.19277108433735,-0.3010515873015957,129.79833333333332,3,5,1
LH123HT X 3IIH6,Crawfordsville,2022,58.634538152610446,4.11904761904763,168.97,3,6,2
LH123HT X 3IIH6,Lincoln,2022,1.2048192771084338,-32.39960317460318,8.325000000000001,3,6,2
LH123HT X 3IIH6,MOValley,2022,2.4096385542168677,-42.02363095238097,110.86,1,2,2
LH123HT X 3IIH6,Scottsbluff,2022,52.03252032520325,2.0477421272391134,143.555,3,6,2
LH123HT X PHB47,Ames,2022,37.75100401606426,-4.886051587301599,125.21333333333332,3,6,2
LH123HT X PHB47,Crawfordsville,2022,31.32530120481928,-10.435952380952358,154.415,3,6,2
LH123HT X PHB47,Lincoln,2022,2.4096385542168677,-31.459603174603178,9.264999999999999,3,6,2
LH123HT X PHB47,MOValley,2022,13.25301204819277,-20.438630952380976,132.445,1,2,2
LH123HT X PHB47,Scottsbluff,2022,59.197766676461946,6.239408793905767,147.74666666666667,3,6,2
LH145 X LH162,Ames,2022,59.83935742971888,7.870615079365062,137.97,3,6,2
LH145 X LH162,Crawfordsville,2022,79.51807228915663,19.800714285714292,184.65166666666664,3,6,2
LH145 X LH162,Lincoln,2022,38.35341365461847,-6.739603174603178,33.985,3,6,2
LH145 X LH162,MOValley,2022,50.602409638554214,0.9213690476190379,153.805,1,2,2
LH145 X LH162,Scottsbluff,2022,10.701341953178568,-24.98725787276089,116.52,3,6,2
LH185 X LH145,Ames,2022,16.06425702811245,-40.33271825396826,89.76666666666667,3,3,1
LH185 X LH145,Crawfordsville,2022,6.827309236947792,-29.3942857142857,135.45666666666668,3,3,1
LH185 X LH145,Lincoln,2022,83.93574297188755,19.46206349206349,60.18666666666667,3,3,1
LH185 X LH145,MOValley,2022,73.49397590361446,13.126369047619022,166.01,1,1,1
LH185 X LH145,Scottsbluff,2022,35.23851503575276,-7.300591206094225,134.20666666666668,3,3,1
LH185 X LH82,Ames,2022,80.72289156626506,23.963948412698404,154.06333333333333,3,6,2
LH185 X LH82,Crawfordsville,2022,65.06024096385542,7.9840476190476295,172.835,3,6,2
LH185 X LH82,Lincoln,2022,74.29718875502009,10.193730158730155,50.91833333333333,3,6,2
LH185 X LH82,MOValley,2022,83.13253012048193,17.496369047619027,170.38,1,2,2
LH185 X LH82,Scottsbluff,2022,54.86825350181213,3.552742127239109,145.06,3,4,1
LH185 X W606S,Ames,2022,48.19277108433735,0.06061507936507363,130.16,3,3,1
LH185 X W606S,Crawfordsville,2022,40.562248995983936,-4.7376190476190345,160.11333333333334,3,3,1
LH185 X W606S,Lincoln,2022,55.02008032128515,2.3253968253968225,43.050000000000004,3,3,1
LH185 X W606S,MOValley,2022,85.5421686746988,20.186369047619024,173.07,1,1,1
LH185 X W606S,Scottsbluff,2022,61.19110588696248,7.999408793905772,149.50666666666666,3,3,1
LH195 X 3IIH6,Ames,2022,63.05220883534137,9.660615079365073,139.76,3,6,2
LH195 X 3IIH6,Crawfordsville,2022,55.42168674698795,2.36571428571429,167.21666666666667,3,6,2
LH195 X 3IIH6,Lincoln,2022,17.670682730923698,-17.674603174603174,23.05,3,6,2
LH195 X 3IIH6,MOValley,2022,81.92771084337349,17.07636904761901,169.95999999999998,1,2,2
LH195 X 3IIH6,Scottsbluff,2022,54.5890880595553,7.487742127239112,148.995,3,6,2
LH195 X LH123HT,Ames,2022,27.710843373493976,-12.01438492063493,118.085,3,6,2
LH195 X LH123HT,Crawfordsville,2022,68.67469879518073,12.657380952380967,177.50833333333333,3,6,2
LH195 X LH123HT,Lincoln,2022,8.032128514056225,-29.744603174603174,10.979999999999999,3,6,2
LH195 X LH123HT,MOValley,2022,10.843373493975903,-23.918630952380965,128.965,1,2,2
LH195 X LH123HT,Scottsbluff,2022,43.09922617298462,-2.943924539427561,138.56333333333333,3,6,2
LH195 X LH185,Ames,2022,49.799196787148595,-1.2360515873015885,128.86333333333334,3,6,2
LH195 X LH185,Crawfordsville,2022,82.3293172690763,20.149047619047632,185.0,3,6,2
LH195 X LH185,Lincoln,2022,64.2570281124498,5.23539682539682,45.96,3,6,2
LH195 X LH185,MOValley,2022,78.3132530120482,15.186369047619024,168.07,1,2,2
LH195 X LH185,Scottsbluff,2022,35.35116074052307,-20.67559120609422,120.83166666666666,3,5,1
LH195 X PHM49,Ames,2022,7.6305220883534135,-42.01271825396826,88.08666666666666,3,6,2
LH195 X PHM49,Crawfordsville,2022,0.0,-68.60095238095236,96.25,3,6,2
LH195 X PHM49,Lincoln,2022,23.293172690763054,-14.079603174603177,26.645,3,6,2
LH195 X PHM49,MOValley,2022,12.048192771084338,-22.66363095238097,130.22,1,2,2
LH195 X PHM49,Scottsbluff,2022,34.76834165932021,-7.857257872760893,133.65,3,6,2
LH195 X PHZ51,Ames,2022,38.55421686746988,-5.16938492063493,124.92999999999999,3,6,2
LH195 X PHZ51,Crawfordsville,2022,30.522088353413654,-10.63095238095237,154.22,3,6,2
LH195 X PHZ51,Lincoln,2022,50.602409638554214,0.2903968253968235,41.015,3,6,2
LH195 X PHZ51,MOValley,2022,69.87951807228916,10.436369047619024,163.32,1,2,2
LH195 X PHZ51,Scottsbluff,2022,32.25095503967088,-7.753924539427558,133.75333333333333,3,6,2
LH198 X PHB47,Ames,2022,35.742971887550205,-6.599384920634928,123.5,3,6,2
LH198 X PHB47,Crawfordsville,2022,24.899598393574298,-13.689285714285688,151.16166666666666,3,6,2
LH198 X PHB47,Lincoln,2022,42.570281124497996,-4.5629365079365085,36.16166666666667,3,6,2
LH198 X PHB47,MOValley,2022,15.662650602409638,-18.998630952380978,133.885,1,2,2
LH198 X PHB47,Scottsbluff,2022,37.15349201684788,-5.337257872760887,136.17,3,6,2
LH198 X PHZ51,Ames,2022,39.3574297188755,-10.834384920634932,119.26499999999999,3,6,2
LH198 X PHZ51,Crawfordsville,2022,22.08835341365462,-16.659285714285705,148.19166666666666,3,6,2
LH198 X PHZ51,Lincoln,2022,49.397590361445786,0.01706349206348771,40.74166666666667,3,6,2
LH198 X PHZ51,MOValley,2022,31.325301204819276,-8.958630952380958,143.925,1,2,2
LH198 X PHZ51,Scottsbluff,2022,58.928396512880795,6.1977421272391195,147.705,3,6,2
LH74 X PHM49,Ames,2022,37.75100401606426,-9.6860515873016,120.41333333333334,3,6,2
LH74 X PHM49,Crawfordsville,2022,57.0281124497992,4.417380952380957,169.26833333333332,3,5,1
LH74 X PHM49,Lincoln,2022,25.301204819277107,-14.097936507936511,26.626666666666665,3,6,2
LH74 X PHM49,MOValley,2022,86.74698795180723,21.311369047619024,174.195,1,2,2
LH74 X PHM49,Scottsbluff,2022,48.67763737878342,-1.6372578727608886,139.87,3,6,2
LH74 X PHN82,Ames,2022,53.41365461847389,5.45228174603174,135.55166666666665,3,6,2
LH74 X PHN82,Crawfordsville,2022,46.58634538152611,-0.9542857142857031,163.89666666666668,3,6,2
LH74 X PHN82,Lincoln,2022,63.45381526104418,5.055396825396824,45.78,3,6,2
LH74 X PHN82,MOValley,2022,34.93975903614458,-6.258630952380969,146.625,1,2,2
LH74 X PHN82,Scottsbluff,2022,30.830639631697522,-12.475591206094231,129.03166666666667,3,6,2
LH82 X PHB47,Ames,2022,39.75903614457831,-5.239384920634923,124.86000000000001,3,6,2
LH82 X PHB47,Crawfordsville,2022,8.032128514056225,-27.354285714285698,137.49666666666667,3,6,2
LH82 X PHB47,Lincoln,2022,28.112449799196785,-14.249603174603175,26.474999999999998,3,6,2
LH82 X PHB47,MOValley,2022,20.481927710843372,-16.408630952380975,136.475,1,2,2
LH82 X PHB47,Scottsbluff,2022,51.06768537564894,-1.323924539427556,140.18333333333334,3,6,2
LH82 X PHJ89,Ames,2022,53.81526104417671,6.567281746031749,136.66666666666666,3,6,2
LH82 X PHJ89,Crawfordsville,2022,57.83132530120482,4.8173809523809625,169.66833333333332,3,6,2
LH82 X PHJ89,Lincoln,2022,76.70682730923694,13.045396825396827,53.77,3,6,2
LH82 X PHJ89,MOValley,2022,89.1566265060241,22.76136904761904,175.645,1,2,2
LH82 X PHJ89,Scottsbluff,2022,50.38201586835146,0.501075460572442,142.00833333333333,3,6,2
LH82 X W606S,Ames,2022,50.200803212851405,0.43728174603173403,130.53666666666666,3,6,2
LH82 X W606S,Crawfordsville,2022,40.96385542168675,-4.8209523809523676,160.03,3,6,2
LH82 X W606S,Lincoln,2022,91.56626506024095,27.177063492063485,67.90166666666666,3,6,2
LH82 X W606S,MOValley,2022,53.01204819277108,3.1913690476190197,156.075,1,2,2
LH82 X W606S,Scottsbluff,2022,45.42070721912038,-4.408924539427564,137.09833333333333,3,6,2
N209 X 3IIH6,Ames,2022,59.839357429718866,9.220615079365066,139.32,3,6,2
N209 X 3IIH6,Crawfordsville,2022,73.49397590361446,12.527380952380952,177.37833333333333,3,6,2
N209 X 3IIH6,Lincoln,2022,71.8875502008032,9.312063492063489,50.03666666666667,3,6,2
N209 X 3IIH6,MOValley,2022,96.3855421686747,32.16636904761904,185.05,1,2,2
N209 X 3IIH6,Scottsbluff,2022,75.81545694975021,16.347742127239105,157.855,3,6,2
PHB47 X 3IIH6,Ames,2022,43.77510040160643,-4.704384920634927,125.395,3,6,2
PHB47 X 3IIH6,Crawfordsville,2022,38.95582329317269,-6.804285714285697,158.04666666666665,3,6,2
PHB47 X 3IIH6,Lincoln,2022,6.425702811244981,-27.662936507936507,13.061666666666667,3,6,2
PHB47 X 3IIH6,MOValley,2022,8.433734939759036,-26.398630952380955,126.48500000000001,1,2,2
PHB47 X 3IIH6,Scottsbluff,2022,73.81232246057401,14.242742127239106,155.75,3,6,2
PHB47 X LH185,Ames,2022,61.04417670682731,9.305615079365083,139.405,3,6,2
PHB47 X LH185,Crawfordsville,2022,23.694779116465863,-16.457619047619033,148.39333333333335,3,6,2
PHB47 X LH185,Lincoln,2022,43.373493975903614,-5.657936507936509,35.06666666666667,3,6,2
PHB47 X LH185,MOValley,2022,36.144578313253014,-6.043630952380994,146.83999999999997,1,2,2
PHB47 X LH185,Scottsbluff,2022,76.64315799784504,18.28940879390578,159.79666666666665,3,6,2
PHB47 X PHJ89,Ames,2022,11.646586345381527,-36.64605158730159,93.45333333333333,3,3,1
PHB47 X PHJ89,Crawfordsville,2022,65.86345381526105,6.909047619047622,171.76,3,3,1
PHB47 X PHJ89,Lincoln,2022,53.01204819277108,-0.7546031746031746,39.970000000000006,3,3,1
PHB47 X PHJ89,MOValley,2022,51.80722891566265,1.1663690476190425,154.05,1,1,1
PHB47 X PHJ89,Scottsbluff,2022,39.46517778430796,-13.013924539427563,128.49333333333334,3,3,1
PHB47 X PHK56,Ames,2022,71.48594377510041,17.328948412698406,147.4283333333333,3,6,2
PHB47 X PHK56,Crawfordsville,2022,65.46184738955823,8.055714285714297,172.90666666666667,3,6,2
PHB47 X PHK56,Lincoln,2022,59.437751004016064,3.098730158730156,43.82333333333333,3,6,2
PHB47 X PHK56,MOValley,2022,62.65060240963855,7.221369047619049,160.10500000000002,1,2,2
PHB47 X PHK56,Scottsbluff,2022,80.18904887844059,16.409408793905772,157.91666666666666,3,6,2
PHG39 X PHM49,Ames,2022,57.83132530120482,5.663948412698413,135.76333333333335,3,6,2
PHG39 X PHM49,Crawfordsville,2022,61.445783132530124,6.88238095238096,171.73333333333335,3,6,2
PHG39 X PHM49,Lincoln,2022,66.66666666666667,6.685396825396819,47.41,3,6,2
PHG39 X PHM49,MOValley,2022,46.98795180722892,-0.873630952380978,152.01,1,2,2
PHG39 X PHM49,Scottsbluff,2022,36.40415319815849,-5.720591206094231,135.78666666666666,3,6,2
PHG39 X PHN82,Ames,2022,99.59839357429719,60.493948412698394,190.59333333333333,3,3,1
PHG39 X PHN82,Crawfordsville,2022,50.602409638554214,0.6057142857142898,165.45666666666668,3,3,1
PHG39 X PHN82,Lincoln,2022,89.55823293172689,24.022063492063495,64.74666666666667,3,3,1
PHG39 X PHN82,MOValley,2022,92.7710843373494,26.86636904761903,179.75,1,1,1
PHG39 X PHN82,Scottsbluff,2022,31.94240376138701,-16.797257872760895,124.71,3,3,1
PHJ40 X LH82,Ames,2022,46.98795180722891,-0.27105158730159457,129.82833333333335,3,6,2
PHJ40 X LH82,Crawfordsville,2022,48.19277108433735,-0.9242857142857019,163.92666666666665,3,6,2
PHJ40 X LH82,Lincoln,2022,90.76305220883535,26.42539682539682,67.14999999999999,3,6,2
PHJ40 X LH82,MOValley,2022,43.373493975903614,-3.703630952380962,149.18,1,2,2
PHJ40 X LH82,Scottsbluff,2022,27.363110980507397,-16.518924539427562,124.98833333333333,3,6,2
PHK56 X 3IIH6,Ames,2022,71.48594377510041,14.083948412698419,144.18333333333337,3,6,2
PHK56 X 3IIH6,Crawfordsville,2022,43.373493975903614,-3.375952380952365,161.475,3,6,2
PHK56 X 3IIH6,Lincoln,2022,12.449799196787149,-19.894603174603176,20.83,3,6,2
PHK56 X 3IIH6,MOValley,2022,30.120481927710845,-10.958630952380958,141.925,1,2,2
PHK56 X 3IIH6,Scottsbluff,2022,63.73298070330102,8.639408793905773,150.14666666666668,3,5,1
PHK56 X LH145,Ames,2022,25.702811244979916,-14.769384920634925,115.33,3,3,1
PHK56 X LH145,Crawfordsville,2022,27.309236947791163,-12.35095238095237,152.5,3,3,1
PHK56 X LH145,Lincoln,2022,29.317269076305223,-15.95793650793651,24.766666666666666,3,3,1
PHK56 X LH145,MOValley,2022,65.06024096385542,7.9163690476190425,160.8,1,1,1
PHK56 X LH145,Scottsbluff,2022,19.747281810167497,-17.257257872760892,124.25,3,3,1
PHK56 X LH185,Ames,2022,79.51807228915663,24.217281746031734,154.31666666666666,3,6,2
PHK56 X LH185,Crawfordsville,2022,62.65060240963856,6.779047619047627,171.63,3,6,2
PHK56 X LH185,Lincoln,2022,27.710843373493976,-13.39126984126984,27.333333333333332,3,6,2
PHK56 X LH185,MOValley,2022,63.855421686746986,7.531369047619023,160.415,1,2,2
PHK56 X LH185,Scottsbluff,2022,87.95180722891567,20.823494047619036,153.24,2,4,2
PHK56 X LH198,Ames,2022,66.66666666666667,13.71228174603173,143.81166666666664,3,6,2
PHK56 X LH198,Crawfordsville,2022,61.04417670682731,7.957380952380959,172.8083333333333,3,6,2
PHK56 X LH198,Lincoln,2022,61.04417670682731,4.655396825396819,45.379999999999995,3,6,2
PHK56 X LH198,MOValley,2022,72.28915662650603,12.916369047619042,165.8,1,2,2
PHK56 X LH198,Scottsbluff,2022,90.75325693015968,32.719408793905764,174.22666666666666,3,6,2
PHK56 X LH82,Ames,2022,88.75502008032129,27.70228174603174,157.80166666666665,3,6,2
PHK56 X LH82,Crawfordsville,2022,52.610441767068274,0.6557142857142916,165.50666666666666,3,6,2
PHK56 X LH82,Lincoln,2022,87.95180722891565,19.95706349206349,60.68166666666667,3,6,2
PHK56 X LH82,MOValley,2022,93.97590361445783,27.321369047619015,180.20499999999998,1,2,2
PHK56 X LH82,Scottsbluff,2022,61.181310608286815,6.157742127239108,147.665,3,6,2
PHK56 X PHJ89,Ames,2022,80.32128514056224,22.747281746031756,152.8466666666667,3,6,2
PHK56 X PHJ89,Crawfordsville,2022,76.70682730923694,12.992380952380964,177.84333333333333,3,6,2
PHK56 X PHJ89,Lincoln,2022,34.53815261044176,-10.42793650793651,30.296666666666667,3,6,2
PHK56 X PHJ89,MOValley,2022,61.44578313253012,6.886369047619041,159.77,1,2,2
PHK56 X PHJ89,Scottsbluff,2022,54.809481829758056,3.4077421272391035,144.915,3,6,2
PHK56 X W606S,Ames,2022,81.52610441767068,24.315615079365074,154.415,3,6,2
PHK56 X W606S,Crawfordsville,2022,52.61044176706827,2.2173809523809687,167.06833333333336,3,6,2
PHK56 X W606S,Lincoln,2022,44.17670682730924,-4.556269841269845,36.16833333333333,3,6,2
PHK56 X W606S,MOValley,2022,84.33734939759036,18.956369047619035,171.84,1,2,2
PHK56 X W606S,Scottsbluff,2022,61.21069644431384,6.411075460572448,147.91833333333332,3,5,1
PHK76 X 3IIH6,Ames,2022,48.594377510040154,1.402281746031747,131.50166666666667,3,6,2
PHK76 X 3IIH6,Crawfordsville,2022,26.907630522088354,-12.544285714285706,152.30666666666664,3,6,2
PHK76 X 3IIH6,Lincoln,2022,28.514056224899594,-11.96293650793651,28.761666666666667,3,6,2
PHK76 X 3IIH6,MOValley,2022,4.819277108433735,-33.053630952380985,119.82999999999998,1,2,2
PHK76 X 3IIH6,Scottsbluff,2022,31.457537466940938,-9.3122578727609,132.195,3,6,2
PHK76 X LH145,Ames,2022,4.819277108433735,-47.4210515873016,82.67833333333333,3,6,2
PHK76 X LH145,Crawfordsville,2022,4.819277108433735,-35.415952380952376,129.43499999999997,3,6,2
PHK76 X LH145,Lincoln,2022,67.06827309236947,10.203730158730155,50.928333333333335,3,6,2
PHK76 X LH145,MOValley,2022,9.63855421686747,-24.69363095238097,128.19,1,2,2
PHK76 X LH145,Scottsbluff,2022,17.70006856695073,-18.605591206094232,122.90166666666666,3,6,2
PHK76 X LH198,Ames,2022,51.40562248995983,3.2556150793650716,133.355,3,6,2
PHK76 X LH198,Crawfordsville,2022,49.397590361445786,-0.225952380952369,164.625,3,6,2
PHK76 X LH198,Lincoln,2022,46.58634538152611,-1.1796031746031765,39.545,3,6,2
PHK76 X LH198,MOValley,2022,24.096385542168676,-14.483630952380963,138.4,1,2,2
PHK76 X LH198,Scottsbluff,2022,45.01420315407973,-5.118924539427553,136.38833333333335,3,6,2
PHK76 X LH82,Ames,2022,54.618473895582326,3.123948412698411,133.22333333333333,3,6,2
PHK76 X LH82,Crawfordsville,2022,33.333333333333336,-8.00595238095238,156.845,3,6,2
PHK76 X LH82,Lincoln,2022,65.86345381526104,6.593730158730153,47.31833333333333,3,6,2
PHK76 X LH82,MOValley,2022,90.36144578313252,23.796369047619038,176.68,1,2,2
PHK76 X LH82,Scottsbluff,2022,57.24850622000196,3.3377421272391055,144.845,3,4,1
PHK76 X W606S,Ames,2022,25.301204819277107,-15.611051587301603,114.48833333333333,3,6,2
PHK76 X W606S,Crawfordsville,2022,20.481927710843376,-16.220952380952365,148.63,3,6,2
PHK76 X W606S,Lincoln,2022,76.30522088353415,10.352063492063495,51.076666666666675,3,6,2
PHK76 X W606S,MOValley,2022,16.867469879518072,-17.68363095238098,135.2,1,2,2
PHK76 X W606S,Scottsbluff,2022,29.96865510823783,-11.988924539427567,129.51833333333332,3,5,1
PHN46 X PHB47,Ames,2022,61.44578313253012,9.265615079365077,139.365,3,6,2
PHN46 X PHB47,Crawfordsville,2022,66.26506024096386,8.7307142857143,173.58166666666668,3,6,2
PHN46 X PHB47,Lincoln,2022,35.34136546184739,-8.772936507936508,31.951666666666668,3,6,2
PHN46 X PHB47,MOValley,2022,66.26506024096386,8.206369047619035,161.09,1,2,2
PHN46 X PHB47,Scottsbluff,2022,62.68488588500343,7.7210754605724405,149.22833333333332,3,6,2
PHN46 X PHK56,Ames,2022,72.69076305220884,16.72228174603174,146.8216666666667,3,6,2
PHN46 X PHK56,Crawfordsville,2022,89.55823293172689,21.732380952380975,186.58333333333334,3,6,2
PHN46 X PHK56,Lincoln,2022,28.112449799196785,-12.444603174603179,28.28,3,6,2
PHN46 X PHK56,MOValley,2022,42.16867469879518,-4.198630952380967,148.685,1,2,2
PHN46 X PHK56,Scottsbluff,2022,24.11597609952003,-25.943924539427556,115.56333333333333,3,6,2
PHN46 X W606S,Ames,2022,67.06827309236948,12.810615079365059,142.91,3,6,2
PHN46 X W606S,Crawfordsville,2022,52.610441767068274,2.6190476190476297,167.47,3,6,2
PHN46 X W606S,Lincoln,2022,56.02409638554217,0.8037301587301565,41.52833333333333,3,6,2
PHN46 X W606S,MOValley,2022,39.75903614457831,-4.613630952380987,148.26999999999998,1,2,2
PHN46 X W606S,Scottsbluff,2022,24.184543050249783,-13.208924539427557,128.29833333333332,3,6,2
PHP02 X LH145,Ames,2022,5.220883534136546,-42.79105158730159,87.30833333333334,3,6,2
PHP02 X LH145,Crawfordsville,2022,12.851405622489962,-22.082619047619044,142.76833333333332,3,6,2
PHP02 X LH145,Lincoln,2022,61.44578313253012,3.6053968253968236,44.330000000000005,3,6,2
PHP02 X LH145,MOValley,2022,25.301204819277107,-14.003630952380973,138.88,1,2,2
PHP02 X LH145,Scottsbluff,2022,24.497991967871485,-35.907257872760894,105.60000000000001,3,6,2
PHP02 X LH185,Ames,2022,45.381526104417674,-2.2460515873015936,127.85333333333334,3,6,2
PHP02 X LH185,Crawfordsville,2022,43.77510040160643,-2.424285714285702,162.42666666666665,3,6,2
PHP02 X LH185,Lincoln,2022,34.136546184738954,-8.886269841269844,31.838333333333335,3,6,2
PHP02 X LH185,MOValley,2022,80.72289156626506,15.94136904761902,168.825,1,2,2
PHP02 X LH185,Scottsbluff,2022,24.571456557939076,-16.047257872760895,125.46,3,6,2
PHP02 X LH198,Ames,2022,61.44578313253012,12.385615079365062,142.48499999999999,3,6,2
PHP02 X LH198,Crawfordsville,2022,60.24096385542168,5.419047619047632,170.27,3,6,2
PHP02 X LH198,Lincoln,2022,53.8152610441767,-0.9879365079365089,39.73666666666667,3,6,2
PHP02 X LH198,MOValley,2022,38.55421686746988,-4.928630952380985,147.95499999999998,1,2,2
PHP02 X LH198,Scottsbluff,2022,74.44411793515525,15.742742127239106,157.25,3,6,2
PHP02 X LH82,Ames,2022,29.718875502008032,-13.42438492063493,116.675,3,6,2
PHP02 X LH82,Crawfordsville,2022,18.473895582329316,-18.072619047619032,146.77833333333334,3,6,2
PHP02 X LH82,Lincoln,2022,52.208835341365464,0.6270634920634883,41.35166666666667,3,6,2
PHP02 X LH82,MOValley,2022,45.78313253012048,-1.0736309523809666,151.81,1,2,2
PHP02 X LH82,Scottsbluff,2022,23.00910960916838,-14.717257872760896,126.79,3,6,2
PHP02 X PHB47,Ames,2022,20.481927710843376,-19.732718253968258,110.36666666666667,3,6,2
PHP02 X PHB47,Crawfordsville,2022,46.98795180722892,-0.31595238095236294,164.535,3,6,2
PHP02 X PHB47,Lincoln,2022,29.317269076305223,-13.414603174603174,27.310000000000002,3,6,2
PHP02 X PHB47,MOValley,2022,18.072289156626507,-17.328630952380962,135.555,1,2,2
PHP02 X PHB47,Scottsbluff,2022,27.485551963953373,-13.207257872760897,128.29999999999998,3,6,2
PHP02 X PHG47,Ames,2022,73.09236947791165,17.07728174603174,147.17666666666665,3,6,2
PHP02 X PHG47,Crawfordsville,2022,40.562248995983936,-7.667619047619037,157.18333333333334,3,6,2
PHP02 X PHG47,Lincoln,2022,56.626506024096386,1.7070634920634902,42.431666666666665,3,6,2
PHP02 X PHG47,MOValley,2022,77.10843373493977,13.671369047619038,166.555,1,2,2
PHP02 X PHG47,Scottsbluff,2022,66.87726515819375,8.651075460572438,150.15833333333333,3,5,1
PHP02 X PHJ89,Ames,2022,42.9718875502008,-1.0893849206349178,129.01000000000002,3,6,2
PHP02 X PHJ89,Crawfordsville,2022,60.642570281124506,5.61238095238096,170.46333333333334,3,6,2
PHP02 X PHJ89,Lincoln,2022,81.12449799196787,15.305396825396825,56.03,3,6,2
PHP02 X PHJ89,MOValley,2022,21.686746987951807,-15.303630952380985,137.57999999999998,1,2,2
PHP02 X PHJ89,Scottsbluff,2022,88.27505142521305,25.269408793905768,166.77666666666667,3,5,1
PHP02 X PHK56,Ames,2022,83.13253012048193,25.122281746031746,155.22166666666666,3,6,2
PHP02 X PHK56,Crawfordsville,2022,71.4859437751004,10.429047619047623,175.27999999999997,3,6,2
PHP02 X PHK56,Lincoln,2022,63.654618473895574,5.145396825396823,45.870000000000005,3,6,2
PHP02 X PHK56,MOValley,2022,59.036144578313255,5.371369047619027,158.255,1,2,2
PHP02 X PHK56,Scottsbluff,2022,73.06788128122245,18.031075460572453,159.53833333333333,3,6,2
PHP02 X PHK76,Ames,2022,69.07630522088353,12.418948412698398,142.51833333333332,3,6,2
PHP02 X PHK76,Crawfordsville,2022,27.710843373493976,-11.63095238095237,153.22,3,6,2
PHP02 X PHK76,Lincoln,2022,66.06425702811245,8.10873015873016,48.833333333333336,3,6,2
PHP02 X PHK76,MOValley,2022,37.34939759036145,-5.16363095238097,147.72,1,2,2
PHP02 X PHK76,Scottsbluff,2022,63.693799588598296,8.19440879390577,149.70166666666668,3,6,2
PHP02 X PHN46,Ames,2022,44.97991967871486,-1.0877182539682622,129.01166666666666,3,6,2
PHP02 X PHN46,Crawfordsville,2022,45.381526104417674,-2.907619047619041,161.94333333333333,3,6,2
PHP02 X PHN46,Lincoln,2022,62.04819277108434,4.3637301587301565,45.08833333333333,3,6,2
PHP02 X PHN46,MOValley,2022,54.21686746987952,3.346369047619021,156.23,1,2,2
PHP02 X PHN46,Scottsbluff,2022,54.9906944852581,3.56607546057243,145.07333333333332,3,5,1
PHP02 X W606S,Ames,2022,59.83935742971888,3.9506150793650696,134.04999999999998,3,6,2
PHP02 X W606S,Crawfordsville,2022,63.05220883534136,7.5123809523809655,172.36333333333334,3,6,2
PHP02 X W606S,Lincoln,2022,67.06827309236948,6.9503968253968225,47.675000000000004,3,6,2
PHP02 X W606S,MOValley,2022,60.24096385542169,5.551369047619033,158.435,1,2,2
PHP02 X W606S,Scottsbluff,2022,82.26075031834655,21.964408793905772,163.47166666666666,3,6,2
PHT69 X 3IIH6,Ames,2022,64.65863453815261,8.825615079365074,138.92499999999998,3,6,2
PHT69 X 3IIH6,Crawfordsville,2022,69.47791164658635,8.722380952380965,173.57333333333335,3,6,2
PHT69 X 3IIH6,Lincoln,2022,57.429718875502004,2.8037301587301564,43.528333333333336,3,6,2
PHT69 X 3IIH6,MOValley,2022,28.91566265060241,-12.368630952380983,140.515,1,2,2
PHT69 X 3IIH6,Scottsbluff,2022,31.751395827211283,-13.632257872760894,127.875,3,6,2
PHW52 X LH185,Ames,2022,32.5301204819277,-14.499384920634924,115.60000000000001,3,6,2
PHW52 X LH185,Crawfordsville,2022,73.09236947791165,13.962380952380963,178.81333333333336,3,6,2
PHW52 X LH185,Lincoln,2022,65.46184738955823,12.680396825396826,53.405,3,6,2
PHW52 X LH185,MOValley,2022,79.51807228915662,15.806369047619029,168.69,1,2,2
PHW52 X LH185,Scottsbluff,2022,58.48760897247527,5.891075460572438,147.39833333333334,3,6,2
PHW52 X PHM49,Ames,2022,61.44578313253012,7.560615079365078,137.66,3,6,2
PHW52 X PHM49,Crawfordsville,2022,71.88755020080322,12.73404761904763,177.585,3,6,2
PHW52 X PHM49,Lincoln,2022,75.1004016064257,12.258730158730154,52.98333333333333,3,6,2
PHW52 X PHM49,MOValley,2022,71.08433734939759,10.70136904761901,163.58499999999998,1,2,2
PHW52 X PHM49,Scottsbluff,2022,46.34146341463415,-0.9639245394275614,140.54333333333332,3,5,1
PHW52 X PHN82,Ames,2022,91.16465863453816,31.000615079365065,161.1,3,6,2
PHW52 X PHN82,Crawfordsville,2022,77.10843373493977,14.299047619047627,179.15,3,6,2
PHW52 X PHN82,Lincoln,2022,86.34538152610442,27.518730158730154,68.24333333333333,3,6,2
PHW52 X PHN82,MOValley,2022,95.18072289156626,30.70136904761904,183.585,1,2,2
PHW52 X PHN82,Scottsbluff,2022,58.92349887354296,6.95440879390577,148.46166666666667,3,6,2
PHW52 X PHZ51,Ames,2022,36.54618473895582,-8.559384920634932,121.54,3,6,2
PHW52 X PHZ51,Crawfordsville,2022,62.24899598393574,6.037380952380961,170.88833333333332,3,6,2
PHW52 X PHZ51,Lincoln,2022,58.634538152610446,5.688730158730155,46.413333333333334,3,6,2
PHW52 X PHZ51,MOValley,2022,49.397590361445786,0.25636904761901746,153.14,1,2,2
PHW52 X PHZ51,Scottsbluff,2022,33.485160152806344,-6.853924539427557,134.65333333333334,3,5,1
PHZ51 X LH145,Ames,2022,10.441767068273093,-35.01105158730159,95.08833333333332,3,6,2
PHZ51 X LH145,Crawfordsville,2022,4.016064257028113,-36.5042857142857,128.34666666666666,3,6,2
PHZ51 X LH145,Lincoln,2022,69.87951807228916,7.307063492063489,48.031666666666666,3,6,2
PHZ51 X LH145,MOValley,2022,22.89156626506024,-14.553630952380985,138.32999999999998,1,2,2
PHZ51 X LH145,Scottsbluff,2022,17.34743853462631,-25.42725787276089,116.08,3,6,2
PIONEER 1311 AMXT,Ames,2022,76.70682730923694,20.138948412698408,150.23833333333334,3,6,2
PIONEER 1311 AMXT,Crawfordsville,2022,98.79518072289157,48.09238095238096,212.9433333333333,3,6,2
PIONEER 1311 AMXT,Lincoln,2022,78.31325301204818,16.357063492063492,57.08166666666667,3,6,2
PIONEER 1311 AMXT,MOValley,2022,98.79518072289157,46.77636904761903,199.66,1,2,2
PIONEER 1311 AMXT,Scottsbluff,2022,52.59574884905476,7.257742127239098,148.765,3,6,2
PIONEER P0589 AMXT,Ames,2022,90.36144578313254,42.02894841269842,172.12833333333333,3,6,2
PIONEER P0589 AMXT,Crawfordsville,2022,96.3855421686747,38.61904761904764,203.47000000000003,3,6,2
PIONEER P0589 AMXT,Lincoln,2022,99.59839357429719,53.97539682539682,94.7,3,6,2
PIONEER P0589 AMXT,MOValley,2022,67.46987951807229,9.321369047619044,162.205,1,2,2
PIONEER P0589 AMXT,Scottsbluff,2022,71.07943971005976,21.794408793905774,163.30166666666665,3,6,2
SYNGENTA NK0760-3111,Ames,2022,89.1566265060241,39.89894841269841,169.99833333333333,3,6,2
SYNGENTA NK0760-3111,Crawfordsville,2022,93.17269076305222,34.55238095238096,199.40333333333334,3,6,2
SYNGENTA NK0760-3111,Lincoln,2022,85.14056224899598,22.858730158730157,63.583333333333336,3,21,7
SYNGENTA NK0760-3111,MOValley,2022,74.6987951807229,13.32636904761901,166.20999999999998,1,2,2
SYNGENTA NK0760-3111,Scottsbluff,2022,95.54314820256637,36.61948286797985,178.12674074074073,3,29,9
WF9 X H95,Ames,2022,2.4096385542168677,-60.056051587301596,70.04333333333334,3,6,2
WF9 X H95,Crawfordsville,2022,6.425702811244979,-31.569285714285694,133.28166666666667,3,6,2
WF9 X H95,Lincoln,2022,14.457831325301205,-19.15293650793651,21.57166666666667,3,6,2
WF9 X H95,MOValley,2022,1.2048192771084338,-46.313630952380976,106.57,1,2,2
WF9 X H95,Scottsbluff,2022,5.024977960622979,-44.142257872760894,97.36500000000001,3,5,1
