location,experiment,poundsOfNitrogenPerAcre,irrigationProvided,plots,actual_mean,actual_min,actual_max
Ames,4231,250,0.0,163,123.62460122699387,54.7,207.13
Ames,4232,150,0.0,161,122.11565217391303,27.3,193.64
Ames,4233,75,0.0,163,145.15288343558282,64.05,221.49
Crawfordsville,4351,225,0.0,163,162.21791411042946,93.85,220.6
Crawfordsville,4352,75,0.0,162,158.72925925925927,69.54,231.8
Crawfordsville,4353,150,0.0,163,174.3225153374233,99.14,243.93
Lincoln,hybrids,75,0.0,168,43.00892857142857,3.08,129.79
Lincoln,hybrids,150,0.0,168,53.212738095238095,8.33,144.93
Lincoln,hybrids,225,0.0,168,27.473511904761907,1.67,82.11
MOValley,Hybrids,175,0.0,163,152.45871165644172,89.59,214.08
Scottsbluff,n150,150,16.9,169,149.1851479289941,72.24,229.16
Scottsbluff,n225,225,16.9,156,161.4948717948718,49.68,227.3
Scottsbluff,n75,75,16.9,164,120.09231707317073,51.28,187.61
