cutoff,model,location,n,mae,rmse,bias,within_site_spearman,k,target_n,hits,precision_at_k,recall_at_k
60,agronomy,Ames,487,90.15618425872061,95.56171176893834,-90.11935532721753,0.14439295336143085,10,98,5,0.5,0.05102040816326531
60,agronomy,Crawfordsville,488,34.068760969547796,40.68592979893942,-31.99655581406993,0.3700612616707771,10,98,9,0.9,0.09183673469387756
60,agronomy,Lincoln,504,91.35326547409964,95.46171382791235,91.26175359924494,0.147096483142332,10,101,1,0.1,0.009900990099009901
60,agronomy,MOValley,163,26.14288078757936,32.839320160077115,23.54271921969479,0.3771267885426113,10,33,5,0.5,0.15151515151515152
60,agronomy,Scottsbluff,489,87.65243328108228,96.6427625686195,-87.49339598159564,-0.04666547816107869,10,98,4,0.4,0.04081632653061224
60,agronomy,Overall,2131,72.12435116326003,82.74669370244744,-24.61441992951273,0.19840240171121454,50,428,24,0.48,0.056074766355140186
60,combined,Ames,487,95.09705927525425,99.54279062862418,-95.08607534631251,0.32775845337777104,10,98,9,0.9,0.09183673469387756
60,combined,Crawfordsville,488,21.392568247410598,27.063399197599782,-15.553292679870678,0.4827341645472151,10,98,9,0.9,0.09183673469387756
60,combined,Lincoln,504,93.05332444515616,95.80574219536244,93.0177269788787,0.43932848798869045,10,101,3,0.3,0.0297029702970297
60,combined,MOValley,163,18.43056601363073,23.895559187524654,5.744635920927849,0.2688849768207857,10,33,5,0.5,0.15151515151515152
60,combined,Scottsbluff,489,111.80226174013542,117.1996213083895,-111.80226174013542,-0.08705516745466844,10,98,4,0.4,0.04081632653061224
60,combined,Overall,2131,75.70446032064379,88.30999517667561,-28.508175251004786,0.28633018305595875,50,428,30,0.6,0.07009345794392523
60,mean,Ames,487,26.974831232482497,33.59990868565622,-10.92594920487418,,10,98,1,0.1,0.01020408163265306
60,mean,Crawfordsville,488,56.45932471837799,61.22565398456936,-56.031999104496954,,10,98,3,0.3,0.030612244897959183
60,mean,Lincoln,504,105.66008696256623,108.55109748970403,105.66008696256623,,10,101,0,0.0,0.0
60,mean,MOValley,163,35.50974275524963,41.00671633221745,-33.08726856701082,,10,33,2,0.2,0.06060606060606061
60,mean,Scottsbluff,489,36.190934941427614,44.053306124120525,-27.841588018003893,,10,98,1,0.1,0.01020408163265306
60,mean,Overall,2131,55.104191627116194,66.91219969281359,0.7416094256867581,,50,428,7,0.14,0.016355140186915886
60,nitrogen,Ames,487,30.570233930132325,37.71711615314205,-14.641612263022228,-0.31650282616014863,10,98,0,0.0,0.0
60,nitrogen,Crawfordsville,488,64.59479611326765,68.84226185372454,-64.35826365206283,0.19417710157466633,10,98,3,0.3,0.030612244897959183
60,nitrogen,Lincoln,504,109.35703028380196,113.0526213941433,109.35703028380196,-0.25236337153957594,10,101,1,0.1,0.009900990099009901
60,nitrogen,MOValley,163,31.598198994714615,37.069868154258586,-28.060500384858923,,10,33,2,0.2,0.06060606060606061
60,nitrogen,Scottsbluff,489,42.00880492160466,52.16015922594098,-34.86873050093007,-0.15469739515774167,10,98,0,0.0,0.0
60,nitrogen,Overall,2131,59.699070733499966,71.85132999277867,-2.3679142885730142,-0.13234662282069998,50,428,6,0.12,0.014018691588785047
75,agronomy,Ames,487,90.15618425872061,95.56171176893834,-90.11935532721753,0.14439295336143085,10,98,5,0.5,0.05102040816326531
75,agronomy,Crawfordsville,488,34.068760969547796,40.68592979893942,-31.99655581406993,0.3700612616707771,10,98,9,0.9,0.09183673469387756
75,agronomy,Lincoln,504,91.35326547409964,95.46171382791235,91.26175359924494,0.147096483142332,10,101,1,0.1,0.009900990099009901
75,agronomy,MOValley,163,26.14288078757936,32.839320160077115,23.54271921969479,0.3771267885426113,10,33,5,0.5,0.15151515151515152
75,agronomy,Scottsbluff,489,87.65243328108228,96.6427625686195,-87.49339598159564,-0.04666547816107869,10,98,4,0.4,0.04081632653061224
75,agronomy,Overall,2131,72.12435116326003,82.74669370244744,-24.61441992951273,0.19840240171121454,50,428,24,0.48,0.056074766355140186
75,combined,Ames,487,27.606115130913008,34.15439916520711,-17.00198678355847,0.2595164744467683,10,98,8,0.8,0.08163265306122448
75,combined,Crawfordsville,488,21.62093743179477,27.1366021332851,-13.458568696986726,0.2435175106052022,10,98,10,1.0,0.10204081632653061
75,combined,Lincoln,504,74.88025069531498,77.72841306412447,74.80200214446253,0.5270498183447354,10,101,4,0.4,0.039603960396039604
75,combined,MOValley,163,54.06816720257103,58.19774280188003,-54.03683797437188,0.48042152399451793,10,33,5,0.5,0.15151515151515152
75,combined,Scottsbluff,489,53.94584641953248,61.86460595813697,-51.525553654236354,0.06481143148893587,10,98,3,0.3,0.030612244897959183
75,combined,Overall,2131,45.48450119149681,54.785405198245165,-5.233008134048601,0.31506335177603195,50,428,30,0.6,0.07009345794392523
75,mean,Ames,487,26.974831232482497,33.59990868565622,-10.92594920487418,,10,98,1,0.1,0.01020408163265306
75,mean,Crawfordsville,488,56.45932471837799,61.22565398456936,-56.031999104496954,,10,98,3,0.3,0.030612244897959183
75,mean,Lincoln,504,105.66008696256623,108.55109748970403,105.66008696256623,,10,101,0,0.0,0.0
75,mean,MOValley,163,35.50974275524963,41.00671633221745,-33.08726856701082,,10,33,2,0.2,0.06060606060606061
75,mean,Scottsbluff,489,36.190934941427614,44.053306124120525,-27.841588018003893,,10,98,1,0.1,0.01020408163265306
75,mean,Overall,2131,55.104191627116194,66.91219969281359,0.7416094256867581,,50,428,7,0.14,0.016355140186915886
75,nitrogen,Ames,487,30.570233930132325,37.71711615314205,-14.641612263022228,-0.31650282616014863,10,98,0,0.0,0.0
75,nitrogen,Crawfordsville,488,64.59479611326765,68.84226185372454,-64.35826365206283,0.19417710157466633,10,98,3,0.3,0.030612244897959183
75,nitrogen,Lincoln,504,109.35703028380196,113.0526213941433,109.35703028380196,-0.25236337153957594,10,101,1,0.1,0.009900990099009901
75,nitrogen,MOValley,163,31.598198994714615,37.069868154258586,-28.060500384858923,,10,33,2,0.2,0.06060606060606061
75,nitrogen,Scottsbluff,489,42.00880492160466,52.16015922594098,-34.86873050093007,-0.15469739515774167,10,98,0,0.0,0.0
75,nitrogen,Overall,2131,59.699070733499966,71.85132999277867,-2.3679142885730142,-0.13234662282069998,50,428,6,0.12,0.014018691588785047
90,agronomy,Ames,487,90.15618425872061,95.56171176893834,-90.11935532721753,0.14439295336143085,10,98,5,0.5,0.05102040816326531
90,agronomy,Crawfordsville,488,34.068760969547796,40.68592979893942,-31.99655581406993,0.3700612616707771,10,98,9,0.9,0.09183673469387756
90,agronomy,Lincoln,504,91.35326547409964,95.46171382791235,91.26175359924494,0.147096483142332,10,101,1,0.1,0.009900990099009901
90,agronomy,MOValley,163,26.14288078757936,32.839320160077115,23.54271921969479,0.3771267885426113,10,33,5,0.5,0.15151515151515152
90,agronomy,Scottsbluff,489,87.65243328108228,96.6427625686195,-87.49339598159564,-0.04666547816107869,10,98,4,0.4,0.04081632653061224
90,agronomy,Overall,2131,72.12435116326003,82.74669370244744,-24.61441992951273,0.19840240171121454,50,428,24,0.48,0.056074766355140186
90,combined,Ames,487,24.641483538590013,30.772868907137173,-6.214218849874632,0.1885698904742567,10,98,9,0.9,0.09183673469387756
90,combined,Crawfordsville,488,41.05117085378217,46.10869691369824,-40.07191808982928,0.3191593575449792,10,98,10,1.0,0.10204081632653061
90,combined,Lincoln,504,70.63936486108489,74.66478622229887,70.45782972063014,0.14318292790349457,10,101,6,0.6,0.0594059405940594
90,combined,MOValley,163,16.688327963902996,20.929753451050985,-0.31070814973003513,0.5371826169866085,10,33,5,0.5,0.15151515151515152
90,combined,Scottsbluff,489,47.78549754610883,58.823309714831296,-41.6979454554043,-0.16055346099129364,10,98,1,0.1,0.01020408163265306
90,combined,Overall,2131,43.98072243457965,53.37864091843423,-3.524925004517477,0.20550826638360906,50,428,31,0.62,0.07242990654205607
90,mean,Ames,487,26.974831232482497,33.59990868565622,-10.92594920487418,,10,98,1,0.1,0.01020408163265306
90,mean,Crawfordsville,488,56.45932471837799,61.22565398456936,-56.031999104496954,,10,98,3,0.3,0.030612244897959183
90,mean,Lincoln,504,105.66008696256623,108.55109748970403,105.66008696256623,,10,101,0,0.0,0.0
90,mean,MOValley,163,35.50974275524963,41.00671633221745,-33.08726856701082,,10,33,2,0.2,0.06060606060606061
90,mean,Scottsbluff,489,36.190934941427614,44.053306124120525,-27.841588018003893,,10,98,1,0.1,0.01020408163265306
90,mean,Overall,2131,55.104191627116194,66.91219969281359,0.7416094256867581,,50,428,7,0.14,0.016355140186915886
90,nitrogen,Ames,487,30.570233930132325,37.71711615314205,-14.641612263022228,-0.31650282616014863,10,98,0,0.0,0.0
90,nitrogen,Crawfordsville,488,64.59479611326765,68.84226185372454,-64.35826365206283,0.19417710157466633,10,98,3,0.3,0.030612244897959183
90,nitrogen,Lincoln,504,109.35703028380196,113.0526213941433,109.35703028380196,-0.25236337153957594,10,101,1,0.1,0.009900990099009901
90,nitrogen,MOValley,163,31.598198994714615,37.069868154258586,-28.060500384858923,,10,33,2,0.2,0.06060606060606061
90,nitrogen,Scottsbluff,489,42.00880492160466,52.16015922594098,-34.86873050093007,-0.15469739515774167,10,98,0,0.0,0.0
90,nitrogen,Overall,2131,59.699070733499966,71.85132999277867,-2.3679142885730142,-0.13234662282069998,50,428,6,0.12,0.014018691588785047
