location,year,hybrids,top_k,spearman,top10_overlap,rankable,cutoff,model
Ames,2022,84,10,0.40770049275960424,2.0,True,60,agronomy
Crawfordsville,2022,84,10,0.5061315234888791,3.0,True,60,agronomy
Lincoln,2022,84,10,0.3261983354088762,6.0,True,60,agronomy
MOValley,2022,84,10,0.4428805800328504,3.0,True,60,agronomy
Scottsbluff,2022,84,10,0.29709282578820656,2.0,True,60,agronomy
Ames,2022,84,10,0.6125527207888319,4.0,True,60,combined
Crawfordsville,2022,84,10,0.6395913387383699,6.0,True,60,combined
Lincoln,2022,84,10,0.5125982777103765,6.0,True,60,combined
MOValley,2022,84,10,0.26613833859624664,3.0,True,60,combined
Scottsbluff,2022,84,10,0.3796496912017819,3.0,True,60,combined
Ames,2022,84,10,,,False,60,mean
Crawfordsville,2022,84,10,,,False,60,mean
Lincoln,2022,84,10,,,False,60,mean
MOValley,2022,84,10,,,False,60,mean
Scottsbluff,2022,84,10,,,False,60,mean
Ames,2022,84,10,0.6579993240350047,4.0,True,60,ridge_agronomy
Crawfordsville,2022,84,10,0.5704522334062018,5.0,True,60,ridge_agronomy
Lincoln,2022,84,10,0.33558949664928467,5.0,True,60,ridge_agronomy
MOValley,2022,84,10,0.6304545914751443,5.0,True,60,ridge_agronomy
Scottsbluff,2022,84,10,0.4410043535486484,1.0,True,60,ridge_agronomy
Ames,2022,84,10,0.6292099560846725,6.0,True,60,ridge_combined
Crawfordsville,2022,84,10,0.4842696290130034,5.0,True,60,ridge_combined
Lincoln,2022,84,10,0.6628815301284279,6.0,True,60,ridge_combined
MOValley,2022,84,10,0.612858155310317,5.0,True,60,ridge_combined
Scottsbluff,2022,84,10,0.019337855624177384,3.0,True,60,ridge_combined
Ames,2022,84,10,0.40770049275960424,2.0,True,75,agronomy
Crawfordsville,2022,84,10,0.5061315234888791,3.0,True,75,agronomy
Lincoln,2022,84,10,0.3261983354088762,6.0,True,75,agronomy
MOValley,2022,84,10,0.4428805800328504,3.0,True,75,agronomy
Scottsbluff,2022,84,10,0.29709282578820656,2.0,True,75,agronomy
Ames,2022,84,10,0.7559797471843008,5.0,True,75,combined
Crawfordsville,2022,84,10,0.5758258448961825,3.0,True,75,combined
Lincoln,2022,84,10,0.6399742814771018,6.0,True,75,combined
MOValley,2022,84,10,0.5005568492457224,4.0,True,75,combined
Scottsbluff,2022,84,10,0.4459248759744862,2.0,True,75,combined
Ames,2022,84,10,,,False,75,mean
Crawfordsville,2022,84,10,,,False,75,mean
Lincoln,2022,84,10,,,False,75,mean
MOValley,2022,84,10,,,False,75,mean
Scottsbluff,2022,84,10,,,False,75,mean
Ames,2022,84,10,0.6579993240350047,4.0,True,75,ridge_agronomy
Crawfordsville,2022,84,10,0.5704522334062018,5.0,True,75,ridge_agronomy
Lincoln,2022,84,10,0.33558949664928467,5.0,True,75,ridge_agronomy
MOValley,2022,84,10,0.6304545914751443,5.0,True,75,ridge_agronomy
Scottsbluff,2022,84,10,0.4410043535486484,1.0,True,75,ridge_agronomy
Ames,2022,84,10,0.6694951728901177,5.0,True,75,ridge_combined
Crawfordsville,2022,84,10,0.5456584363251566,6.0,True,75,ridge_combined
Lincoln,2022,84,10,0.5299064386386048,6.0,True,75,ridge_combined
MOValley,2022,84,10,0.6069656778374001,4.0,True,75,ridge_combined
Scottsbluff,2022,84,10,0.0310620633795687,2.0,True,75,ridge_combined
Ames,2022,84,10,0.40770049275960424,2.0,True,90,agronomy
Crawfordsville,2022,84,10,0.5061315234888791,3.0,True,90,agronomy
Lincoln,2022,84,10,0.3261983354088762,6.0,True,90,agronomy
MOValley,2022,84,10,0.4428805800328504,3.0,True,90,agronomy
Scottsbluff,2022,84,10,0.29709282578820656,2.0,True,90,agronomy
Ames,2022,84,10,0.5653450662494458,4.0,True,90,combined
Crawfordsville,2022,84,10,0.6258258870345452,5.0,True,90,combined
Lincoln,2022,84,10,0.19600646026110088,5.0,True,90,combined
MOValley,2022,84,10,0.5907866761162296,5.0,True,90,combined
Scottsbluff,2022,84,10,0.2784651209881543,4.0,True,90,combined
Ames,2022,84,10,,,False,90,mean
Crawfordsville,2022,84,10,,,False,90,mean
Lincoln,2022,84,10,,,False,90,mean
MOValley,2022,84,10,,,False,90,mean
Scottsbluff,2022,84,10,,,False,90,mean
Ames,2022,84,10,0.6579993240350047,4.0,True,90,ridge_agronomy
Crawfordsville,2022,84,10,0.5704522334062018,5.0,True,90,ridge_agronomy
Lincoln,2022,84,10,0.33558949664928467,5.0,True,90,ridge_agronomy
MOValley,2022,84,10,0.6304545914751443,5.0,True,90,ridge_agronomy
Scottsbluff,2022,84,10,0.4410043535486484,1.0,True,90,ridge_agronomy
Ames,2022,84,10,0.5504678199307694,5.0,True,90,ridge_combined
Crawfordsville,2022,84,10,0.5398121665036021,6.0,True,90,ridge_combined
Lincoln,2022,84,10,0.6759060970894457,8.0,True,90,ridge_combined
MOValley,2022,84,10,0.5528399311531842,3.0,True,90,ridge_combined
Scottsbluff,2022,84,10,0.06708514731193682,3.0,True,90,ridge_combined
