cutoff,model,location,n,mae,rmse,bias,within_site_spearman
60,agronomy,Overall,2131,72.12435116326003,82.74669370244744,-24.61441992951273,0.19840240171121454
60,agronomy,Ames,487,90.15618425872061,95.56171176893834,-90.11935532721753,0.14439295336143085
60,agronomy,Crawfordsville,488,34.068760969547796,40.68592979893942,-31.99655581406993,0.3700612616707771
60,agronomy,Lincoln,504,91.35326547409964,95.46171382791235,91.26175359924494,0.147096483142332
60,agronomy,MOValley,163,26.14288078757936,32.839320160077115,23.54271921969479,0.3771267885426113
60,agronomy,Scottsbluff,489,87.65243328108228,96.6427625686195,-87.49339598159564,-0.04666547816107869
60,combined,Overall,2131,75.70446032064379,88.30999517667561,-28.508175251004786,0.28633018305595875
60,combined,Ames,487,95.09705927525425,99.54279062862418,-95.08607534631251,0.32775845337777104
60,combined,Crawfordsville,488,21.392568247410598,27.063399197599782,-15.553292679870678,0.4827341645472151
60,combined,Lincoln,504,93.05332444515616,95.80574219536244,93.0177269788787,0.43932848798869045
60,combined,MOValley,163,18.43056601363073,23.895559187524654,5.744635920927849,0.2688849768207857
60,combined,Scottsbluff,489,111.80226174013542,117.1996213083895,-111.80226174013542,-0.08705516745466844
60,mean,Overall,2131,55.104191627116194,66.91219969281359,0.7416094256867581,
60,mean,Ames,487,26.974831232482497,33.59990868565622,-10.92594920487418,
60,mean,Crawfordsville,488,56.45932471837799,61.22565398456936,-56.031999104496954,
60,mean,Lincoln,504,105.66008696256623,108.55109748970403,105.66008696256623,
60,mean,MOValley,163,35.50974275524963,41.00671633221745,-33.08726856701082,
60,mean,Scottsbluff,489,36.190934941427614,44.053306124120525,-27.841588018003893,
60,ridge_agronomy,Overall,2131,66.012500192038,74.25704743351456,-4.9266814908467005,0.13955791889502028
60,ridge_agronomy,Ames,487,66.40349276568534,73.35638276684806,-65.80331565544708,-0.05198209476621843
60,ridge_agronomy,Crawfordsville,488,49.1273077192385,53.87189671027398,-48.513813225001684,0.4319577899189581
60,ridge_agronomy,Lincoln,504,97.16461172780079,100.15389585069197,97.13906723693765,0.11952111748640369
60,ridge_agronomy,MOValley,163,88.2330411055493,91.15276230451089,88.2330411055493,0.5326243819735419
60,ridge_agronomy,Scottsbluff,489,42.95922444650247,51.63610197543772,-37.050875800842284,-0.33433160013758384
60,ridge_combined,Overall,2131,131.81269953695045,142.51963936412344,-76.24810857123198,0.19937043641190547
60,ridge_combined,Ames,487,163.5690406746847,168.09214834306982,-163.5690406746847,-0.07143504819357231
60,ridge_combined,Crawfordsville,488,104.86503012493903,107.39269145965552,-104.86503012493903,0.3149141605420223
60,ridge_combined,Lincoln,504,100.68721792411218,103.11839912626526,100.68721792411218,0.4788446383942962
60,ridge_combined,MOValley,163,51.91577586401714,56.77059894092551,51.85985407733877,0.5151633772009167
60,ridge_combined,Scottsbluff,489,185.79136176710105,191.92071525370977,-185.79136176710105,-0.24063494588413567
75,agronomy,Overall,2131,72.12435116326003,82.74669370244744,-24.61441992951273,0.19840240171121454
75,agronomy,Ames,487,90.15618425872061,95.56171176893834,-90.11935532721753,0.14439295336143085
75,agronomy,Crawfordsville,488,34.068760969547796,40.68592979893942,-31.99655581406993,0.3700612616707771
75,agronomy,Lincoln,504,91.35326547409964,95.46171382791235,91.26175359924494,0.147096483142332
75,agronomy,MOValley,163,26.14288078757936,32.839320160077115,23.54271921969479,0.3771267885426113
75,agronomy,Scottsbluff,489,87.65243328108228,96.6427625686195,-87.49339598159564,-0.04666547816107869
75,combined,Overall,2131,45.48450119149681,54.785405198245165,-5.233008134048601,0.31506335177603195
75,combined,Ames,487,27.606115130913008,34.15439916520711,-17.00198678355847,0.2595164744467683
75,combined,Crawfordsville,488,21.62093743179477,27.1366021332851,-13.458568696986726,0.2435175106052022
75,combined,Lincoln,504,74.88025069531498,77.72841306412447,74.80200214446253,0.5270498183447354
75,combined,MOValley,163,54.06816720257103,58.19774280188003,-54.03683797437188,0.48042152399451793
75,combined,Scottsbluff,489,53.94584641953248,61.86460595813697,-51.525553654236354,0.06481143148893587
75,mean,Overall,2131,55.104191627116194,66.91219969281359,0.7416094256867581,
75,mean,Ames,487,26.974831232482497,33.59990868565622,-10.92594920487418,
75,mean,Crawfordsville,488,56.45932471837799,61.22565398456936,-56.031999104496954,
75,mean,Lincoln,504,105.66008696256623,108.55109748970403,105.66008696256623,
75,mean,MOValley,163,35.50974275524963,41.00671633221745,-33.08726856701082,
75,mean,Scottsbluff,489,36.190934941427614,44.053306124120525,-27.841588018003893,
75,ridge_agronomy,Overall,2131,66.012500192038,74.25704743351456,-4.9266814908467005,0.13955791889502028
75,ridge_agronomy,Ames,487,66.40349276568534,73.35638276684806,-65.80331565544708,-0.05198209476621843
75,ridge_agronomy,Crawfordsville,488,49.1273077192385,53.87189671027398,-48.513813225001684,0.4319577899189581
75,ridge_agronomy,Lincoln,504,97.16461172780079,100.15389585069197,97.13906723693765,0.11952111748640369
75,ridge_agronomy,MOValley,163,88.2330411055493,91.15276230451089,88.2330411055493,0.5326243819735419
75,ridge_agronomy,Scottsbluff,489,42.95922444650247,51.63610197543772,-37.050875800842284,-0.33433160013758384
75,ridge_combined,Overall,2131,70.98345865844439,86.0574676018864,2.188547700461993,0.2150039130464126
75,ridge_combined,Ames,487,32.58886450911366,40.216072992321074,-22.59458378822714,-0.032147730115389364
75,ridge_combined,Crawfordsville,488,32.40136578123851,38.071550367266795,30.546071388470118,0.3469832744660316
75,ridge_combined,Lincoln,504,119.24892327037736,121.34454099595428,119.24892327037736,0.414003528711484
75,ridge_combined,MOValley,163,64.16100363696391,67.84769751891373,-64.16100363696391,0.5743666194695642
75,ridge_combined,Scottsbluff,489,100.25236393224324,111.83075246224207,-99.96388367784738,-0.22818612729962745
90,agronomy,Overall,2131,72.12435116326003,82.74669370244744,-24.61441992951273,0.19840240171121454
90,agronomy,Ames,487,90.15618425872061,95.56171176893834,-90.11935532721753,0.14439295336143085
90,agronomy,Crawfordsville,488,34.068760969547796,40.68592979893942,-31.99655581406993,0.3700612616707771
90,agronomy,Lincoln,504,91.35326547409964,95.46171382791235,91.26175359924494,0.147096483142332
90,agronomy,MOValley,163,26.14288078757936,32.839320160077115,23.54271921969479,0.3771267885426113
90,agronomy,Scottsbluff,489,87.65243328108228,96.6427625686195,-87.49339598159564,-0.04666547816107869
90,combined,Overall,2131,43.98072243457965,53.37864091843423,-3.524925004517477,0.20550826638360906
90,combined,Ames,487,24.641483538590013,30.772868907137173,-6.214218849874632,0.1885698904742567
90,combined,Crawfordsville,488,41.05117085378217,46.10869691369824,-40.07191808982928,0.3191593575449792
90,combined,Lincoln,504,70.63936486108489,74.66478622229887,70.45782972063014,0.14318292790349457
90,combined,MOValley,163,16.688327963902996,20.929753451050985,-0.31070814973003513,0.5371826169866085
90,combined,Scottsbluff,489,47.78549754610883,58.823309714831296,-41.6979454554043,-0.16055346099129364
90,mean,Overall,2131,55.104191627116194,66.91219969281359,0.7416094256867581,
90,mean,Ames,487,26.974831232482497,33.59990868565622,-10.92594920487418,
90,mean,Crawfordsville,488,56.45932471837799,61.22565398456936,-56.031999104496954,
90,mean,Lincoln,504,105.66008696256623,108.55109748970403,105.66008696256623,
90,mean,MOValley,163,35.50974275524963,41.00671633221745,-33.08726856701082,
90,mean,Scottsbluff,489,36.190934941427614,44.053306124120525,-27.841588018003893,
90,ridge_agronomy,Overall,2131,66.012500192038,74.25704743351456,-4.9266814908467005,0.13955791889502028
90,ridge_agronomy,Ames,487,66.40349276568534,73.35638276684806,-65.80331565544708,-0.05198209476621843
90,ridge_agronomy,Crawfordsville,488,49.1273077192385,53.87189671027398,-48.513813225001684,0.4319577899189581
90,ridge_agronomy,Lincoln,504,97.16461172780079,100.15389585069197,97.13906723693765,0.11952111748640369
90,ridge_agronomy,MOValley,163,88.2330411055493,91.15276230451089,88.2330411055493,0.5326243819735419
90,ridge_agronomy,Scottsbluff,489,42.95922444650247,51.63610197543772,-37.050875800842284,-0.33433160013758384
90,ridge_combined,Overall,2131,39.43488679757536,48.194405978105564,3.818857201557837,0.2717701467138251
90,ridge_combined,Ames,487,26.226828716280192,32.3284428634531,11.073925116975918,0.18097596792915988
90,ridge_combined,Crawfordsville,488,33.307278122533965,38.771775318159925,-31.41555302046345,0.3546404275545757
90,ridge_combined,Lincoln,504,62.855638829597,66.37537476511955,62.47959381725392,0.5532619584702899
90,ridge_combined,MOValley,163,17.509648754773394,22.441886415442312,5.963293344500824,0.5320632008909784
90,ridge_combined,Scottsbluff,489,41.87323464184684,53.59376534097607,-29.41913918304902,-0.26209082127587835
