cutoff,model,location,k,target_n,hits,precision_at_k,recall_at_k
60,agronomy,Ames,49,98,16,0.32653061224489793,0.16326530612244897
60,agronomy,Crawfordsville,49,98,21,0.42857142857142855,0.21428571428571427
60,agronomy,Lincoln,51,101,13,0.2549019607843137,0.12871287128712872
60,agronomy,MOValley,17,33,6,0.35294117647058826,0.18181818181818182
60,agronomy,Scottsbluff,49,98,9,0.1836734693877551,0.09183673469387756
60,agronomy_uav,Ames,49,98,24,0.4897959183673469,0.24489795918367346
60,agronomy_uav,Crawfordsville,49,98,23,0.46938775510204084,0.23469387755102042
60,agronomy_uav,Lincoln,51,101,12,0.23529411764705882,0.1188118811881188
60,agronomy_uav,MOValley,17,33,6,0.35294117647058826,0.18181818181818182
60,agronomy_uav,Scottsbluff,49,98,12,0.24489795918367346,0.12244897959183673
60,combined,Ames,49,98,29,0.5918367346938775,0.29591836734693877
60,combined,Crawfordsville,49,98,35,0.7142857142857143,0.35714285714285715
60,combined,Lincoln,51,101,14,0.27450980392156865,0.13861386138613863
60,combined,MOValley,17,33,6,0.35294117647058826,0.18181818181818182
60,combined,Scottsbluff,49,98,11,0.22448979591836735,0.11224489795918367
60,combined_uav,Ames,49,98,23,0.46938775510204084,0.23469387755102042
60,combined_uav,Crawfordsville,49,98,33,0.673469387755102,0.336734693877551
60,combined_uav,Lincoln,51,101,20,0.39215686274509803,0.19801980198019803
60,combined_uav,MOValley,17,33,6,0.35294117647058826,0.18181818181818182
60,combined_uav,Scottsbluff,49,98,10,0.20408163265306123,0.10204081632653061
60,mean,Ames,49,98,5,0.10204081632653061,0.05102040816326531
60,mean,Crawfordsville,49,98,10,0.20408163265306123,0.10204081632653061
60,mean,Lincoln,51,101,11,0.21568627450980393,0.10891089108910891
60,mean,MOValley,17,33,3,0.17647058823529413,0.09090909090909091
60,mean,Scottsbluff,49,98,5,0.10204081632653061,0.05102040816326531
75,agronomy,Ames,49,98,16,0.32653061224489793,0.16326530612244897
75,agronomy,Crawfordsville,49,98,21,0.42857142857142855,0.21428571428571427
75,agronomy,Lincoln,51,101,13,0.2549019607843137,0.12871287128712872
75,agronomy,MOValley,17,33,6,0.35294117647058826,0.18181818181818182
75,agronomy,Scottsbluff,49,98,9,0.1836734693877551,0.09183673469387756
75,agronomy_uav,Ames,49,98,25,0.5102040816326531,0.25510204081632654
75,agronomy_uav,Crawfordsville,49,98,31,0.6326530612244898,0.3163265306122449
75,agronomy_uav,Lincoln,51,101,8,0.1568627450980392,0.07920792079207921
75,agronomy_uav,MOValley,17,33,7,0.4117647058823529,0.21212121212121213
75,agronomy_uav,Scottsbluff,49,98,11,0.22448979591836735,0.11224489795918367
75,combined,Ames,49,98,29,0.5918367346938775,0.29591836734693877
75,combined,Crawfordsville,49,98,27,0.5510204081632653,0.2755102040816326
75,combined,Lincoln,51,101,24,0.47058823529411764,0.2376237623762376
75,combined,MOValley,17,33,9,0.5294117647058824,0.2727272727272727
75,combined,Scottsbluff,49,98,9,0.1836734693877551,0.09183673469387756
75,combined_uav,Ames,49,98,30,0.6122448979591837,0.30612244897959184
75,combined_uav,Crawfordsville,49,98,32,0.6530612244897959,0.32653061224489793
75,combined_uav,Lincoln,51,101,10,0.19607843137254902,0.09900990099009901
75,combined_uav,MOValley,17,33,10,0.5882352941176471,0.30303030303030304
75,combined_uav,Scottsbluff,49,98,9,0.1836734693877551,0.09183673469387756
75,mean,Ames,49,98,5,0.10204081632653061,0.05102040816326531
75,mean,Crawfordsville,49,98,10,0.20408163265306123,0.10204081632653061
75,mean,Lincoln,51,101,11,0.21568627450980393,0.10891089108910891
75,mean,MOValley,17,33,3,0.17647058823529413,0.09090909090909091
75,mean,Scottsbluff,49,98,5,0.10204081632653061,0.05102040816326531
90,agronomy,Ames,49,98,16,0.32653061224489793,0.16326530612244897
90,agronomy,Crawfordsville,49,98,21,0.42857142857142855,0.21428571428571427
90,agronomy,Lincoln,51,101,13,0.2549019607843137,0.12871287128712872
90,agronomy,MOValley,17,33,6,0.35294117647058826,0.18181818181818182
90,agronomy,Scottsbluff,49,98,9,0.1836734693877551,0.09183673469387756
90,agronomy_uav,Ames,49,98,38,0.7755102040816326,0.3877551020408163
90,agronomy_uav,Crawfordsville,49,98,27,0.5510204081632653,0.2755102040816326
90,agronomy_uav,Lincoln,51,101,15,0.29411764705882354,0.1485148514851485
90,agronomy_uav,MOValley,17,33,10,0.5882352941176471,0.30303030303030304
90,agronomy_uav,Scottsbluff,49,98,8,0.16326530612244897,0.08163265306122448
90,combined,Ames,49,98,31,0.6326530612244898,0.3163265306122449
90,combined,Crawfordsville,49,98,29,0.5918367346938775,0.29591836734693877
90,combined,Lincoln,51,101,13,0.2549019607843137,0.12871287128712872
90,combined,MOValley,17,33,8,0.47058823529411764,0.24242424242424243
90,combined,Scottsbluff,49,98,10,0.20408163265306123,0.10204081632653061
90,combined_uav,Ames,49,98,31,0.6326530612244898,0.3163265306122449
90,combined_uav,Crawfordsville,49,98,30,0.6122448979591837,0.30612244897959184
90,combined_uav,Lincoln,51,101,14,0.27450980392156865,0.13861386138613863
90,combined_uav,MOValley,17,33,10,0.5882352941176471,0.30303030303030304
90,combined_uav,Scottsbluff,49,98,9,0.1836734693877551,0.09183673469387756
90,mean,Ames,49,98,5,0.10204081632653061,0.05102040816326531
90,mean,Crawfordsville,49,98,10,0.20408163265306123,0.10204081632653061
90,mean,Lincoln,51,101,11,0.21568627450980393,0.10891089108910891
90,mean,MOValley,17,33,3,0.17647058823529413,0.09090909090909091
90,mean,Scottsbluff,49,98,5,0.10204081632653061,0.05102040816326531
60,agronomy,Overall,215,428,65,0.3023255813953488,0.15186915887850466
60,agronomy_uav,Overall,215,428,77,0.3581395348837209,0.17990654205607476
60,combined,Overall,215,428,95,0.4418604651162791,0.2219626168224299
60,combined_uav,Overall,215,428,92,0.42790697674418604,0.21495327102803738
60,mean,Overall,215,428,34,0.15813953488372093,0.0794392523364486
75,agronomy,Overall,215,428,65,0.3023255813953488,0.15186915887850466
75,agronomy_uav,Overall,215,428,82,0.3813953488372093,0.19158878504672897
75,combined,Overall,215,428,98,0.4558139534883721,0.22897196261682243
75,combined_uav,Overall,215,428,91,0.4232558139534884,0.21261682242990654
75,mean,Overall,215,428,34,0.15813953488372093,0.0794392523364486
90,agronomy,Overall,215,428,65,0.3023255813953488,0.15186915887850466
90,agronomy_uav,Overall,215,428,98,0.4558139534883721,0.22897196261682243
90,combined,Overall,215,428,91,0.4232558139534884,0.21261682242990654
90,combined_uav,Overall,215,428,94,0.4372093023255814,0.21962616822429906
90,mean,Overall,215,428,34,0.15813953488372093,0.0794392523364486
