cutoff,location,mae_uav,precision_at_k_uav,hits_uav,mae_satellite,precision_at_k_satellite,hits_satellite,mae_change,additional_hits
60,Ames,90.10436132293027,0.7,7,95.09705927525424,0.9,9,-4.992697952323965,-2
60,Crawfordsville,43.96241769596215,0.7,7,21.3925682474106,0.9,9,22.56984944855155,-2
60,Lincoln,97.9088615114014,0.5,5,93.05332444515616,0.3,3,4.855537066245233,2
60,MOValley,18.602165872022105,0.5,5,18.43056601363073,0.5,5,0.17159985839137448,0
60,Scottsbluff,105.86508556691408,0.4,4,111.80226174013542,0.4,4,-5.937176173221346,0
60,Overall,79.5310792496497,0.56,28,75.70446032064379,0.6,30,3.826618929005903,-2
75,Ames,25.98670327290075,0.9,9,27.606115130913008,0.8,8,-1.6194118580122563,1
75,Crawfordsville,24.38690955146673,0.9,9,21.62093743179477,1.0,10,2.765972119671961,-1
75,Lincoln,67.3722250849566,0.2,2,74.88025069531497,0.4,4,-7.508025610358374,-2
75,MOValley,32.54085839457998,0.5,5,54.06816720257103,0.5,5,-21.527308807991055,0
75,Scottsbluff,52.07990877168921,0.2,2,53.94584641953248,0.3,3,-1.8659376478432677,-1
75,Overall,41.8973125788405,0.54,27,45.48450119149681,0.6,30,-3.5871886126563126,-3
90,Ames,23.326964015609263,0.9,9,24.641483538590013,0.9,9,-1.3145195229807491,0
90,Crawfordsville,36.42771468428025,0.8,8,41.051170853782175,1.0,10,-4.623456169501928,-2
90,Lincoln,78.48043455591835,0.4,4,70.63936486108489,0.6,6,7.841069694833465,-2
90,MOValley,16.79736293223525,0.5,5,16.688327963902996,0.5,5,0.1090349683322529,0
90,Scottsbluff,51.19460002598309,0.0,0,47.78549754610882,0.1,1,3.409102479874271,-1
90,Overall,45.26664703349292,0.52,26,43.98072243457965,0.62,31,1.285924598913276,-5
