path,error,mode,location,experiment,range,row,timepoint,width,height,plot_id,image_date,matched_plot
UAV/Ames/TP1/Ames-TP1-4231_1_2.PNG,,RGBA,Ames,4231,1,2,TP1,357,702,Ames|4231|1|2,2022-07-12,False
UAV/Ames/TP1/Ames-TP1-4231_1_3.PNG,,RGBA,Ames,4231,1,3,TP1,357,702,Ames|4231|1|3,2022-07-12,False
UAV/Ames/TP1/Ames-TP1-4231_1_4.PNG,,RGBA,Ames,4231,1,4,TP1,357,702,Ames|4231|1|4,2022-07-12,False
UAV/Ames/TP1/Ames-TP1-4231_1_5.PNG,,RGBA,Ames,4231,1,5,TP1,357,702,Ames|4231|1|5,2022-07-12,False
UAV/Ames/TP1/Ames-TP1-4231_1_6.PNG,,RGBA,Ames,4231,1,6,TP1,357,702,Ames|4231|1|6,2022-07-12,False
UAV/Ames/TP1/Ames-TP1-4231_1_7.PNG,,RGBA,Ames,4231,1,7,TP1,357,702,Ames|4231|1|7,2022-07-12,False
UAV/Ames/TP1/Ames-TP1-4232_1_17.PNG,,RGBA,Ames,4232,1,17,TP1,357,698,Ames|4232|1|17,2022-07-12,False
UAV/Ames/TP1/Ames-TP1-4232_1_18.PNG,,RGBA,Ames,4232,1,18,TP1,356,697,Ames|4232|1|18,2022-07-12,False
UAV/Ames/TP1/Ames-TP1-4232_1_19.PNG,,RGBA,Ames,4232,1,19,TP1,356,698,Ames|4232|1|19,2022-07-12,False
UAV/Ames/TP1/Ames-TP1-4232_1_20.PNG,,RGBA,Ames,4232,1,20,TP1,356,697,Ames|4232|1|20,2022-07-12,False
UAV/Ames/TP1/Ames-TP1-4232_1_21.PNG,,RGBA,Ames,4232,1,21,TP1,356,698,Ames|4232|1|21,2022-07-12,False
UAV/Ames/TP1/Ames-TP1-4232_1_22.PNG,,RGBA,Ames,4232,1,22,TP1,356,697,Ames|4232|1|22,2022-07-12,False
UAV/Ames/TP1/Ames-TP1-4233_10_1.PNG,,RGBA,Ames,4233,10,1,TP1,721,363,Ames|4233|10|1,2022-07-12,False
UAV/Ames/TP1/Ames-TP1-4233_10_11.PNG,,RGBA,Ames,4233,10,11,TP1,722,363,Ames|4233|10|11,2022-07-12,False
UAV/Ames/TP1/Ames-TP1-4233_10_12.PNG,,RGBA,Ames,4233,10,12,TP1,722,363,Ames|4233|10|12,2022-07-12,False
UAV/Ames/TP1/Ames-TP1-4233_10_2.PNG,,RGBA,Ames,4233,10,2,TP1,722,363,Ames|4233|10|2,2022-07-12,False
UAV/Ames/TP1/Ames-TP1-4233_11_1.PNG,,RGBA,Ames,4233,11,1,TP1,721,363,Ames|4233|11|1,2022-07-12,False
UAV/Ames/TP1/Ames-TP1-4233_11_11.PNG,,RGBA,Ames,4233,11,11,TP1,722,363,Ames|4233|11|11,2022-07-12,False
UAV/Ames/TP1/Ames-TP1-4233_11_12.PNG,,RGBA,Ames,4233,11,12,TP1,721,363,Ames|4233|11|12,2022-07-12,False
UAV/Ames/TP1/Ames-TP1-4233_11_2.PNG,,RGBA,Ames,4233,11,2,TP1,722,364,Ames|4233|11|2,2022-07-12,False
UAV/Ames/TP1/Ames-TP1-4233_12_1.PNG,,RGBA,Ames,4233,12,1,TP1,721,363,Ames|4233|12|1,2022-07-12,False
UAV/Ames/TP1/Ames-TP1-4233_12_11.PNG,,RGBA,Ames,4233,12,11,TP1,722,363,Ames|4233|12|11,2022-07-12,False
UAV/Ames/TP1/Ames-TP1-4233_12_12.PNG,,RGBA,Ames,4233,12,12,TP1,721,364,Ames|4233|12|12,2022-07-12,False
UAV/Ames/TP1/Ames-TP1-4233_12_2.PNG,,RGBA,Ames,4233,12,2,TP1,721,364,Ames|4233|12|2,2022-07-12,False
UAV/Ames/TP1/Ames-TP1-4233_13_1.PNG,,RGBA,Ames,4233,13,1,TP1,722,363,Ames|4233|13|1,2022-07-12,False
UAV/Ames/TP1/Ames-TP1-4233_13_11.PNG,,RGBA,Ames,4233,13,11,TP1,722,363,Ames|4233|13|11,2022-07-12,False
UAV/Ames/TP1/Ames-TP1-4233_13_12.PNG,,RGBA,Ames,4233,13,12,TP1,722,363,Ames|4233|13|12,2022-07-12,False
UAV/Ames/TP1/Ames-TP1-4233_13_2.PNG,,RGBA,Ames,4233,13,2,TP1,721,364,Ames|4233|13|2,2022-07-12,False
UAV/Ames/TP1/Ames-TP1-4233_14_1.PNG,,RGBA,Ames,4233,14,1,TP1,721,363,Ames|4233|14|1,2022-07-12,False
UAV/Ames/TP1/Ames-TP1-4233_14_11.PNG,,RGBA,Ames,4233,14,11,TP1,721,364,Ames|4233|14|11,2022-07-12,False
UAV/Ames/TP1/Ames-TP1-4233_14_12.PNG,,RGBA,Ames,4233,14,12,TP1,722,363,Ames|4233|14|12,2022-07-12,False
UAV/Ames/TP1/Ames-TP1-4233_14_2.PNG,,RGBA,Ames,4233,14,2,TP1,722,363,Ames|4233|14|2,2022-07-12,False
UAV/Ames/TP1/Ames-TP1-4233_15_1.PNG,,RGBA,Ames,4233,15,1,TP1,721,364,Ames|4233|15|1,2022-07-12,False
UAV/Ames/TP1/Ames-TP1-4233_15_11.PNG,,RGBA,Ames,4233,15,11,TP1,721,363,Ames|4233|15|11,2022-07-12,False
UAV/Ames/TP1/Ames-TP1-4233_15_12.PNG,,RGBA,Ames,4233,15,12,TP1,722,363,Ames|4233|15|12,2022-07-12,False
UAV/Ames/TP1/Ames-TP1-4233_15_2.PNG,,RGBA,Ames,4233,15,2,TP1,722,363,Ames|4233|15|2,2022-07-12,False
UAV/Ames/TP1/Ames-TP1-4233_16_1.PNG,,RGBA,Ames,4233,16,1,TP1,721,364,Ames|4233|16|1,2022-07-12,False
UAV/Ames/TP1/Ames-TP1-4233_16_11.PNG,,RGBA,Ames,4233,16,11,TP1,721,363,Ames|4233|16|11,2022-07-12,False
UAV/Ames/TP1/Ames-TP1-4233_16_12.PNG,,RGBA,Ames,4233,16,12,TP1,722,363,Ames|4233|16|12,2022-07-12,False
UAV/Ames/TP1/Ames-TP1-4233_16_2.PNG,,RGBA,Ames,4233,16,2,TP1,721,363,Ames|4233|16|2,2022-07-12,False
UAV/Ames/TP1/Ames-TP1-4233_17_1.PNG,,RGBA,Ames,4233,17,1,TP1,722,364,Ames|4233|17|1,2022-07-12,False
UAV/Ames/TP1/Ames-TP1-4233_17_11.PNG,,RGBA,Ames,4233,17,11,TP1,721,364,Ames|4233|17|11,2022-07-12,False
UAV/Ames/TP1/Ames-TP1-4233_17_12.PNG,,RGBA,Ames,4233,17,12,TP1,722,363,Ames|4233|17|12,2022-07-12,False
UAV/Ames/TP1/Ames-TP1-4233_17_2.PNG,,RGBA,Ames,4233,17,2,TP1,721,363,Ames|4233|17|2,2022-07-12,False
UAV/Ames/TP1/Ames-TP1-4233_18_1.PNG,,RGBA,Ames,4233,18,1,TP1,722,363,Ames|4233|18|1,2022-07-12,False
UAV/Ames/TP1/Ames-TP1-4233_18_11.PNG,,RGBA,Ames,4233,18,11,TP1,721,363,Ames|4233|18|11,2022-07-12,False
UAV/Ames/TP1/Ames-TP1-4233_18_12.PNG,,RGBA,Ames,4233,18,12,TP1,722,363,Ames|4233|18|12,2022-07-12,False
UAV/Ames/TP1/Ames-TP1-4233_18_2.PNG,,RGBA,Ames,4233,18,2,TP1,721,363,Ames|4233|18|2,2022-07-12,False
UAV/Ames/TP1/Ames-TP1-4233_19_1.PNG,,RGBA,Ames,4233,19,1,TP1,721,363,Ames|4233|19|1,2022-07-12,False
UAV/Ames/TP1/Ames-TP1-4233_19_11.PNG,,RGBA,Ames,4233,19,11,TP1,721,363,Ames|4233|19|11,2022-07-12,False
UAV/Ames/TP1/Ames-TP1-4233_19_12.PNG,,RGBA,Ames,4233,19,12,TP1,722,363,Ames|4233|19|12,2022-07-12,False
UAV/Ames/TP1/Ames-TP1-4233_19_2.PNG,,RGBA,Ames,4233,19,2,TP1,721,364,Ames|4233|19|2,2022-07-12,False
UAV/Ames/TP1/Ames-TP1-4233_1_1.PNG,,RGBA,Ames,4233,1,1,TP1,722,364,Ames|4233|1|1,2022-07-12,False
UAV/Ames/TP1/Ames-TP1-4233_1_10.PNG,,RGBA,Ames,4233,1,10,TP1,722,363,Ames|4233|1|10,2022-07-12,False
UAV/Ames/TP1/Ames-TP1-4233_1_11.PNG,,RGBA,Ames,4233,1,11,TP1,722,364,Ames|4233|1|11,2022-07-12,False
UAV/Ames/TP1/Ames-TP1-4233_1_12.PNG,,RGBA,Ames,4233,1,12,TP1,722,363,Ames|4233|1|12,2022-07-12,False
UAV/Ames/TP1/Ames-TP1-4233_1_2.PNG,,RGBA,Ames,4233,1,2,TP1,722,363,Ames|4233|1|2,2022-07-12,False
UAV/Ames/TP1/Ames-TP1-4233_1_3.PNG,,RGBA,Ames,4233,1,3,TP1,722,364,Ames|4233|1|3,2022-07-12,False
UAV/Ames/TP1/Ames-TP1-4233_1_4.PNG,,RGBA,Ames,4233,1,4,TP1,722,364,Ames|4233|1|4,2022-07-12,False
UAV/Ames/TP1/Ames-TP1-4233_1_5.PNG,,RGBA,Ames,4233,1,5,TP1,722,363,Ames|4233|1|5,2022-07-12,False
UAV/Ames/TP1/Ames-TP1-4233_1_6.PNG,,RGBA,Ames,4233,1,6,TP1,722,363,Ames|4233|1|6,2022-07-12,False
UAV/Ames/TP1/Ames-TP1-4233_1_7.PNG,,RGBA,Ames,4233,1,7,TP1,722,364,Ames|4233|1|7,2022-07-12,False
UAV/Ames/TP1/Ames-TP1-4233_1_8.PNG,,RGBA,Ames,4233,1,8,TP1,722,364,Ames|4233|1|8,2022-07-12,False
UAV/Ames/TP1/Ames-TP1-4233_1_9.PNG,,RGBA,Ames,4233,1,9,TP1,722,363,Ames|4233|1|9,2022-07-12,False
UAV/Ames/TP1/Ames-TP1-4233_20_1.PNG,,RGBA,Ames,4233,20,1,TP1,721,363,Ames|4233|20|1,2022-07-12,False
UAV/Ames/TP1/Ames-TP1-4233_20_11.PNG,,RGBA,Ames,4233,20,11,TP1,721,363,Ames|4233|20|11,2022-07-12,False
UAV/Ames/TP1/Ames-TP1-4233_20_12.PNG,,RGBA,Ames,4233,20,12,TP1,722,363,Ames|4233|20|12,2022-07-12,False
UAV/Ames/TP1/Ames-TP1-4233_20_2.PNG,,RGBA,Ames,4233,20,2,TP1,722,363,Ames|4233|20|2,2022-07-12,False
UAV/Ames/TP1/Ames-TP1-4233_21_1.PNG,,RGBA,Ames,4233,21,1,TP1,721,363,Ames|4233|21|1,2022-07-12,False
UAV/Ames/TP1/Ames-TP1-4233_21_11.PNG,,RGBA,Ames,4233,21,11,TP1,721,363,Ames|4233|21|11,2022-07-12,False
UAV/Ames/TP1/Ames-TP1-4233_21_12.PNG,,RGBA,Ames,4233,21,12,TP1,722,363,Ames|4233|21|12,2022-07-12,False
UAV/Ames/TP1/Ames-TP1-4233_21_2.PNG,,RGBA,Ames,4233,21,2,TP1,721,363,Ames|4233|21|2,2022-07-12,False
UAV/Ames/TP1/Ames-TP1-4233_22_1.PNG,,RGBA,Ames,4233,22,1,TP1,722,363,Ames|4233|22|1,2022-07-12,False
UAV/Ames/TP1/Ames-TP1-4233_22_11.PNG,,RGBA,Ames,4233,22,11,TP1,721,363,Ames|4233|22|11,2022-07-12,False
UAV/Ames/TP1/Ames-TP1-4233_22_12.PNG,,RGBA,Ames,4233,22,12,TP1,721,363,Ames|4233|22|12,2022-07-12,False
UAV/Ames/TP1/Ames-TP1-4233_22_2.PNG,,RGBA,Ames,4233,22,2,TP1,721,363,Ames|4233|22|2,2022-07-12,False
UAV/Ames/TP1/Ames-TP1-4233_23_1.PNG,,RGBA,Ames,4233,23,1,TP1,721,363,Ames|4233|23|1,2022-07-12,False
UAV/Ames/TP1/Ames-TP1-4233_23_11.PNG,,RGBA,Ames,4233,23,11,TP1,722,363,Ames|4233|23|11,2022-07-12,False
UAV/Ames/TP1/Ames-TP1-4233_23_12.PNG,,RGBA,Ames,4233,23,12,TP1,721,363,Ames|4233|23|12,2022-07-12,False
UAV/Ames/TP1/Ames-TP1-4233_23_2.PNG,,RGBA,Ames,4233,23,2,TP1,721,363,Ames|4233|23|2,2022-07-12,False
UAV/Ames/TP1/Ames-TP1-4233_24_1.PNG,,RGBA,Ames,4233,24,1,TP1,721,364,Ames|4233|24|1,2022-07-12,False
UAV/Ames/TP1/Ames-TP1-4233_24_11.PNG,,RGBA,Ames,4233,24,11,TP1,722,363,Ames|4233|24|11,2022-07-12,False
UAV/Ames/TP1/Ames-TP1-4233_24_12.PNG,,RGBA,Ames,4233,24,12,TP1,721,363,Ames|4233|24|12,2022-07-12,False
UAV/Ames/TP1/Ames-TP1-4233_24_2.PNG,,RGBA,Ames,4233,24,2,TP1,721,363,Ames|4233|24|2,2022-07-12,False
UAV/Ames/TP1/Ames-TP1-4233_25_1.PNG,,RGBA,Ames,4233,25,1,TP1,721,363,Ames|4233|25|1,2022-07-12,False
UAV/Ames/TP1/Ames-TP1-4233_25_10.PNG,,RGBA,Ames,4233,25,10,TP1,721,363,Ames|4233|25|10,2022-07-12,False
UAV/Ames/TP1/Ames-TP1-4233_25_11.PNG,,RGBA,Ames,4233,25,11,TP1,722,363,Ames|4233|25|11,2022-07-12,False
UAV/Ames/TP1/Ames-TP1-4233_25_12.PNG,,RGBA,Ames,4233,25,12,TP1,721,363,Ames|4233|25|12,2022-07-12,False
UAV/Ames/TP1/Ames-TP1-4233_25_2.PNG,,RGBA,Ames,4233,25,2,TP1,722,363,Ames|4233|25|2,2022-07-12,False
UAV/Ames/TP1/Ames-TP1-4233_25_3.PNG,,RGBA,Ames,4233,25,3,TP1,721,363,Ames|4233|25|3,2022-07-12,False
UAV/Ames/TP1/Ames-TP1-4233_25_4.PNG,,RGBA,Ames,4233,25,4,TP1,721,363,Ames|4233|25|4,2022-07-12,False
UAV/Ames/TP1/Ames-TP1-4233_25_5.PNG,,RGBA,Ames,4233,25,5,TP1,722,363,Ames|4233|25|5,2022-07-12,False
UAV/Ames/TP1/Ames-TP1-4233_25_6.PNG,,RGBA,Ames,4233,25,6,TP1,721,363,Ames|4233|25|6,2022-07-12,False
UAV/Ames/TP1/Ames-TP1-4233_25_7.PNG,,RGBA,Ames,4233,25,7,TP1,721,363,Ames|4233|25|7,2022-07-12,False
UAV/Ames/TP1/Ames-TP1-4233_25_8.PNG,,RGBA,Ames,4233,25,8,TP1,722,363,Ames|4233|25|8,2022-07-12,False
UAV/Ames/TP1/Ames-TP1-4233_25_9.PNG,,RGBA,Ames,4233,25,9,TP1,721,363,Ames|4233|25|9,2022-07-12,False
UAV/Ames/TP1/Ames-TP1-4233_2_1.PNG,,RGBA,Ames,4233,2,1,TP1,721,363,Ames|4233|2|1,2022-07-12,False
UAV/Ames/TP1/Ames-TP1-4233_2_10.PNG,,RGBA,Ames,4233,2,10,TP1,722,364,Ames|4233|2|10,2022-07-12,False
UAV/Ames/TP1/Ames-TP1-4233_2_11.PNG,,RGBA,Ames,4233,2,11,TP1,722,363,Ames|4233|2|11,2022-07-12,False
UAV/Ames/TP1/Ames-TP1-4233_2_12.PNG,,RGBA,Ames,4233,2,12,TP1,722,363,Ames|4233|2|12,2022-07-12,False
UAV/Ames/TP1/Ames-TP1-4233_2_2.PNG,,RGBA,Ames,4233,2,2,TP1,721,363,Ames|4233|2|2,2022-07-12,False
UAV/Ames/TP1/Ames-TP1-4233_2_3.PNG,,RGBA,Ames,4233,2,3,TP1,721,364,Ames|4233|2|3,2022-07-12,False
UAV/Ames/TP1/Ames-TP1-4233_2_4.PNG,,RGBA,Ames,4233,2,4,TP1,721,364,Ames|4233|2|4,2022-07-12,False
UAV/Ames/TP1/Ames-TP1-4233_2_5.PNG,,RGBA,Ames,4233,2,5,TP1,722,363,Ames|4233|2|5,2022-07-12,False
UAV/Ames/TP1/Ames-TP1-4233_2_6.PNG,,RGBA,Ames,4233,2,6,TP1,722,364,Ames|4233|2|6,2022-07-12,False
UAV/Ames/TP1/Ames-TP1-4233_2_7.PNG,,RGBA,Ames,4233,2,7,TP1,722,364,Ames|4233|2|7,2022-07-12,False
UAV/Ames/TP1/Ames-TP1-4233_2_8.PNG,,RGBA,Ames,4233,2,8,TP1,722,363,Ames|4233|2|8,2022-07-12,False
UAV/Ames/TP1/Ames-TP1-4233_2_9.PNG,,RGBA,Ames,4233,2,9,TP1,722,363,Ames|4233|2|9,2022-07-12,False
UAV/Ames/TP1/Ames-TP1-4233_3_1.PNG,,RGBA,Ames,4233,3,1,TP1,722,363,Ames|4233|3|1,2022-07-12,False
UAV/Ames/TP1/Ames-TP1-4233_3_11.PNG,,RGBA,Ames,4233,3,11,TP1,722,363,Ames|4233|3|11,2022-07-12,False
UAV/Ames/TP1/Ames-TP1-4233_3_12.PNG,,RGBA,Ames,4233,3,12,TP1,722,364,Ames|4233|3|12,2022-07-12,False
UAV/Ames/TP1/Ames-TP1-4233_3_2.PNG,,RGBA,Ames,4233,3,2,TP1,722,364,Ames|4233|3|2,2022-07-12,False
UAV/Ames/TP1/Ames-TP1-4233_4_1.PNG,,RGBA,Ames,4233,4,1,TP1,722,363,Ames|4233|4|1,2022-07-12,False
UAV/Ames/TP1/Ames-TP1-4233_4_11.PNG,,RGBA,Ames,4233,4,11,TP1,722,364,Ames|4233|4|11,2022-07-12,False
UAV/Ames/TP1/Ames-TP1-4233_4_12.PNG,,RGBA,Ames,4233,4,12,TP1,722,363,Ames|4233|4|12,2022-07-12,False
UAV/Ames/TP1/Ames-TP1-4233_4_2.PNG,,RGBA,Ames,4233,4,2,TP1,722,364,Ames|4233|4|2,2022-07-12,False
UAV/Ames/TP1/Ames-TP1-4233_5_1.PNG,,RGBA,Ames,4233,5,1,TP1,722,363,Ames|4233|5|1,2022-07-12,False
UAV/Ames/TP1/Ames-TP1-4233_5_11.PNG,,RGBA,Ames,4233,5,11,TP1,722,363,Ames|4233|5|11,2022-07-12,False
UAV/Ames/TP1/Ames-TP1-4233_5_12.PNG,,RGBA,Ames,4233,5,12,TP1,722,363,Ames|4233|5|12,2022-07-12,False
UAV/Ames/TP1/Ames-TP1-4233_5_2.PNG,,RGBA,Ames,4233,5,2,TP1,722,364,Ames|4233|5|2,2022-07-12,False
UAV/Ames/TP1/Ames-TP1-4233_6_1.PNG,,RGBA,Ames,4233,6,1,TP1,721,364,Ames|4233|6|1,2022-07-12,False
UAV/Ames/TP1/Ames-TP1-4233_6_11.PNG,,RGBA,Ames,4233,6,11,TP1,722,363,Ames|4233|6|11,2022-07-12,False
UAV/Ames/TP1/Ames-TP1-4233_6_12.PNG,,RGBA,Ames,4233,6,12,TP1,722,364,Ames|4233|6|12,2022-07-12,False
UAV/Ames/TP1/Ames-TP1-4233_6_2.PNG,,RGBA,Ames,4233,6,2,TP1,722,364,Ames|4233|6|2,2022-07-12,False
UAV/Ames/TP1/Ames-TP1-4233_7_1.PNG,,RGBA,Ames,4233,7,1,TP1,721,364,Ames|4233|7|1,2022-07-12,False
UAV/Ames/TP1/Ames-TP1-4233_7_11.PNG,,RGBA,Ames,4233,7,11,TP1,722,364,Ames|4233|7|11,2022-07-12,False
UAV/Ames/TP1/Ames-TP1-4233_7_12.PNG,,RGBA,Ames,4233,7,12,TP1,722,363,Ames|4233|7|12,2022-07-12,False
UAV/Ames/TP1/Ames-TP1-4233_7_2.PNG,,RGBA,Ames,4233,7,2,TP1,721,363,Ames|4233|7|2,2022-07-12,False
UAV/Ames/TP1/Ames-TP1-4233_8_1.PNG,,RGBA,Ames,4233,8,1,TP1,722,364,Ames|4233|8|1,2022-07-12,False
UAV/Ames/TP1/Ames-TP1-4233_8_11.PNG,,RGBA,Ames,4233,8,11,TP1,722,363,Ames|4233|8|11,2022-07-12,False
UAV/Ames/TP1/Ames-TP1-4233_8_12.PNG,,RGBA,Ames,4233,8,12,TP1,722,363,Ames|4233|8|12,2022-07-12,False
UAV/Ames/TP1/Ames-TP1-4233_8_2.PNG,,RGBA,Ames,4233,8,2,TP1,721,363,Ames|4233|8|2,2022-07-12,False
UAV/Ames/TP1/Ames-TP1-4233_9_1.PNG,,RGBA,Ames,4233,9,1,TP1,722,364,Ames|4233|9|1,2022-07-12,False
UAV/Ames/TP1/Ames-TP1-4233_9_11.PNG,,RGBA,Ames,4233,9,11,TP1,722,363,Ames|4233|9|11,2022-07-12,False
UAV/Ames/TP1/Ames-TP1-4233_9_12.PNG,,RGBA,Ames,4233,9,12,TP1,722,364,Ames|4233|9|12,2022-07-12,False
UAV/Ames/TP1/Ames-TP1-4233_9_2.PNG,,RGBA,Ames,4233,9,2,TP1,722,363,Ames|4233|9|2,2022-07-12,False
UAV/Ames/TP2/Ames-TP2-4231_1_2.PNG,,RGBA,Ames,4231,1,2,TP2,385,759,Ames|4231|1|2,2022-07-26,False
UAV/Ames/TP2/Ames-TP2-4231_1_3.PNG,,RGBA,Ames,4231,1,3,TP2,385,760,Ames|4231|1|3,2022-07-26,False
UAV/Ames/TP2/Ames-TP2-4231_1_4.PNG,,RGBA,Ames,4231,1,4,TP2,385,760,Ames|4231|1|4,2022-07-26,False
UAV/Ames/TP2/Ames-TP2-4231_1_5.PNG,,RGBA,Ames,4231,1,5,TP2,385,759,Ames|4231|1|5,2022-07-26,False
UAV/Ames/TP2/Ames-TP2-4231_1_6.PNG,,RGBA,Ames,4231,1,6,TP2,385,760,Ames|4231|1|6,2022-07-26,False
UAV/Ames/TP2/Ames-TP2-4231_1_7.PNG,,RGBA,Ames,4231,1,7,TP2,384,759,Ames|4231|1|7,2022-07-26,False
UAV/Ames/TP2/Ames-TP2-4232_1_17.PNG,,RGBA,Ames,4232,1,17,TP2,384,755,Ames|4232|1|17,2022-07-26,False
UAV/Ames/TP2/Ames-TP2-4232_1_18.PNG,,RGBA,Ames,4232,1,18,TP2,384,754,Ames|4232|1|18,2022-07-26,False
UAV/Ames/TP2/Ames-TP2-4232_1_19.PNG,,RGBA,Ames,4232,1,19,TP2,385,755,Ames|4232|1|19,2022-07-26,False
UAV/Ames/TP2/Ames-TP2-4232_1_20.PNG,,RGBA,Ames,4232,1,20,TP2,384,754,Ames|4232|1|20,2022-07-26,False
UAV/Ames/TP2/Ames-TP2-4232_1_21.PNG,,RGBA,Ames,4232,1,21,TP2,385,754,Ames|4232|1|21,2022-07-26,False
UAV/Ames/TP2/Ames-TP2-4232_1_22.PNG,,RGBA,Ames,4232,1,22,TP2,384,755,Ames|4232|1|22,2022-07-26,False
UAV/Ames/TP2/Ames-TP2-4233_10_1.PNG,,RGBA,Ames,4233,10,1,TP2,726,366,Ames|4233|10|1,2022-07-26,False
UAV/Ames/TP2/Ames-TP2-4233_10_11.PNG,,RGBA,Ames,4233,10,11,TP2,727,366,Ames|4233|10|11,2022-07-26,False
UAV/Ames/TP2/Ames-TP2-4233_10_12.PNG,,RGBA,Ames,4233,10,12,TP2,727,366,Ames|4233|10|12,2022-07-26,False
UAV/Ames/TP2/Ames-TP2-4233_10_2.PNG,,RGBA,Ames,4233,10,2,TP2,727,366,Ames|4233|10|2,2022-07-26,False
UAV/Ames/TP2/Ames-TP2-4233_11_1.PNG,,RGBA,Ames,4233,11,1,TP2,726,366,Ames|4233|11|1,2022-07-26,False
UAV/Ames/TP2/Ames-TP2-4233_11_11.PNG,,RGBA,Ames,4233,11,11,TP2,727,365,Ames|4233|11|11,2022-07-26,False
UAV/Ames/TP2/Ames-TP2-4233_11_12.PNG,,RGBA,Ames,4233,11,12,TP2,727,365,Ames|4233|11|12,2022-07-26,False
UAV/Ames/TP2/Ames-TP2-4233_11_2.PNG,,RGBA,Ames,4233,11,2,TP2,727,366,Ames|4233|11|2,2022-07-26,False
UAV/Ames/TP2/Ames-TP2-4233_12_1.PNG,,RGBA,Ames,4233,12,1,TP2,726,366,Ames|4233|12|1,2022-07-26,False
UAV/Ames/TP2/Ames-TP2-4233_12_11.PNG,,RGBA,Ames,4233,12,11,TP2,727,366,Ames|4233|12|11,2022-07-26,False
UAV/Ames/TP2/Ames-TP2-4233_12_12.PNG,,RGBA,Ames,4233,12,12,TP2,727,366,Ames|4233|12|12,2022-07-26,False
UAV/Ames/TP2/Ames-TP2-4233_12_2.PNG,,RGBA,Ames,4233,12,2,TP2,726,366,Ames|4233|12|2,2022-07-26,False
UAV/Ames/TP2/Ames-TP2-4233_13_1.PNG,,RGBA,Ames,4233,13,1,TP2,727,366,Ames|4233|13|1,2022-07-26,False
UAV/Ames/TP2/Ames-TP2-4233_13_11.PNG,,RGBA,Ames,4233,13,11,TP2,727,366,Ames|4233|13|11,2022-07-26,False
UAV/Ames/TP2/Ames-TP2-4233_13_12.PNG,,RGBA,Ames,4233,13,12,TP2,727,366,Ames|4233|13|12,2022-07-26,False
UAV/Ames/TP2/Ames-TP2-4233_13_2.PNG,,RGBA,Ames,4233,13,2,TP2,726,366,Ames|4233|13|2,2022-07-26,False
UAV/Ames/TP2/Ames-TP2-4233_14_1.PNG,,RGBA,Ames,4233,14,1,TP2,727,366,Ames|4233|14|1,2022-07-26,False
UAV/Ames/TP2/Ames-TP2-4233_14_11.PNG,,RGBA,Ames,4233,14,11,TP2,727,366,Ames|4233|14|11,2022-07-26,False
UAV/Ames/TP2/Ames-TP2-4233_14_12.PNG,,RGBA,Ames,4233,14,12,TP2,726,366,Ames|4233|14|12,2022-07-26,False
UAV/Ames/TP2/Ames-TP2-4233_14_2.PNG,,RGBA,Ames,4233,14,2,TP2,727,366,Ames|4233|14|2,2022-07-26,False
UAV/Ames/TP2/Ames-TP2-4233_15_1.PNG,,RGBA,Ames,4233,15,1,TP2,726,366,Ames|4233|15|1,2022-07-26,False
UAV/Ames/TP2/Ames-TP2-4233_15_11.PNG,,RGBA,Ames,4233,15,11,TP2,727,366,Ames|4233|15|11,2022-07-26,False
UAV/Ames/TP2/Ames-TP2-4233_15_12.PNG,,RGBA,Ames,4233,15,12,TP2,726,365,Ames|4233|15|12,2022-07-26,False
UAV/Ames/TP2/Ames-TP2-4233_15_2.PNG,,RGBA,Ames,4233,15,2,TP2,727,366,Ames|4233|15|2,2022-07-26,False
UAV/Ames/TP2/Ames-TP2-4233_16_1.PNG,,RGBA,Ames,4233,16,1,TP2,726,366,Ames|4233|16|1,2022-07-26,False
UAV/Ames/TP2/Ames-TP2-4233_16_11.PNG,,RGBA,Ames,4233,16,11,TP2,727,366,Ames|4233|16|11,2022-07-26,False
UAV/Ames/TP2/Ames-TP2-4233_16_12.PNG,,RGBA,Ames,4233,16,12,TP2,726,366,Ames|4233|16|12,2022-07-26,False
UAV/Ames/TP2/Ames-TP2-4233_16_2.PNG,,RGBA,Ames,4233,16,2,TP2,726,366,Ames|4233|16|2,2022-07-26,False
UAV/Ames/TP2/Ames-TP2-4233_17_1.PNG,,RGBA,Ames,4233,17,1,TP2,727,366,Ames|4233|17|1,2022-07-26,False
UAV/Ames/TP2/Ames-TP2-4233_17_11.PNG,,RGBA,Ames,4233,17,11,TP2,727,366,Ames|4233|17|11,2022-07-26,False
UAV/Ames/TP2/Ames-TP2-4233_17_12.PNG,,RGBA,Ames,4233,17,12,TP2,726,366,Ames|4233|17|12,2022-07-26,False
UAV/Ames/TP2/Ames-TP2-4233_17_2.PNG,,RGBA,Ames,4233,17,2,TP2,726,366,Ames|4233|17|2,2022-07-26,False
UAV/Ames/TP2/Ames-TP2-4233_18_1.PNG,,RGBA,Ames,4233,18,1,TP2,727,366,Ames|4233|18|1,2022-07-26,False
UAV/Ames/TP2/Ames-TP2-4233_18_11.PNG,,RGBA,Ames,4233,18,11,TP2,727,365,Ames|4233|18|11,2022-07-26,False
UAV/Ames/TP2/Ames-TP2-4233_18_12.PNG,,RGBA,Ames,4233,18,12,TP2,727,365,Ames|4233|18|12,2022-07-26,False
UAV/Ames/TP2/Ames-TP2-4233_18_2.PNG,,RGBA,Ames,4233,18,2,TP2,726,366,Ames|4233|18|2,2022-07-26,False
UAV/Ames/TP2/Ames-TP2-4233_19_1.PNG,,RGBA,Ames,4233,19,1,TP2,726,366,Ames|4233|19|1,2022-07-26,False
UAV/Ames/TP2/Ames-TP2-4233_19_11.PNG,,RGBA,Ames,4233,19,11,TP2,726,366,Ames|4233|19|11,2022-07-26,False
UAV/Ames/TP2/Ames-TP2-4233_19_12.PNG,,RGBA,Ames,4233,19,12,TP2,727,366,Ames|4233|19|12,2022-07-26,False
UAV/Ames/TP2/Ames-TP2-4233_19_2.PNG,,RGBA,Ames,4233,19,2,TP2,726,366,Ames|4233|19|2,2022-07-26,False
UAV/Ames/TP2/Ames-TP2-4233_1_1.PNG,,RGBA,Ames,4233,1,1,TP2,727,366,Ames|4233|1|1,2022-07-26,False
UAV/Ames/TP2/Ames-TP2-4233_1_10.PNG,,RGBA,Ames,4233,1,10,TP2,727,366,Ames|4233|1|10,2022-07-26,False
UAV/Ames/TP2/Ames-TP2-4233_1_11.PNG,,RGBA,Ames,4233,1,11,TP2,727,366,Ames|4233|1|11,2022-07-26,False
UAV/Ames/TP2/Ames-TP2-4233_1_12.PNG,,RGBA,Ames,4233,1,12,TP2,727,367,Ames|4233|1|12,2022-07-26,False
UAV/Ames/TP2/Ames-TP2-4233_1_2.PNG,,RGBA,Ames,4233,1,2,TP2,727,366,Ames|4233|1|2,2022-07-26,False
UAV/Ames/TP2/Ames-TP2-4233_1_3.PNG,,RGBA,Ames,4233,1,3,TP2,727,366,Ames|4233|1|3,2022-07-26,False
UAV/Ames/TP2/Ames-TP2-4233_1_4.PNG,,RGBA,Ames,4233,1,4,TP2,727,366,Ames|4233|1|4,2022-07-26,False
UAV/Ames/TP2/Ames-TP2-4233_1_5.PNG,,RGBA,Ames,4233,1,5,TP2,727,366,Ames|4233|1|5,2022-07-26,False
UAV/Ames/TP2/Ames-TP2-4233_1_6.PNG,,RGBA,Ames,4233,1,6,TP2,726,366,Ames|4233|1|6,2022-07-26,False
UAV/Ames/TP2/Ames-TP2-4233_1_7.PNG,,RGBA,Ames,4233,1,7,TP2,727,366,Ames|4233|1|7,2022-07-26,False
UAV/Ames/TP2/Ames-TP2-4233_1_8.PNG,,RGBA,Ames,4233,1,8,TP2,727,366,Ames|4233|1|8,2022-07-26,False
UAV/Ames/TP2/Ames-TP2-4233_1_9.PNG,,RGBA,Ames,4233,1,9,TP2,727,367,Ames|4233|1|9,2022-07-26,False
UAV/Ames/TP2/Ames-TP2-4233_20_1.PNG,,RGBA,Ames,4233,20,1,TP2,726,365,Ames|4233|20|1,2022-07-26,False
UAV/Ames/TP2/Ames-TP2-4233_20_11.PNG,,RGBA,Ames,4233,20,11,TP2,726,366,Ames|4233|20|11,2022-07-26,False
UAV/Ames/TP2/Ames-TP2-4233_20_12.PNG,,RGBA,Ames,4233,20,12,TP2,727,366,Ames|4233|20|12,2022-07-26,False
UAV/Ames/TP2/Ames-TP2-4233_20_2.PNG,,RGBA,Ames,4233,20,2,TP2,727,365,Ames|4233|20|2,2022-07-26,False
UAV/Ames/TP2/Ames-TP2-4233_21_1.PNG,,RGBA,Ames,4233,21,1,TP2,726,365,Ames|4233|21|1,2022-07-26,False
UAV/Ames/TP2/Ames-TP2-4233_21_11.PNG,,RGBA,Ames,4233,21,11,TP2,726,366,Ames|4233|21|11,2022-07-26,False
UAV/Ames/TP2/Ames-TP2-4233_21_12.PNG,,RGBA,Ames,4233,21,12,TP2,727,365,Ames|4233|21|12,2022-07-26,False
UAV/Ames/TP2/Ames-TP2-4233_21_2.PNG,,RGBA,Ames,4233,21,2,TP2,726,366,Ames|4233|21|2,2022-07-26,False
UAV/Ames/TP2/Ames-TP2-4233_22_1.PNG,,RGBA,Ames,4233,22,1,TP2,727,366,Ames|4233|22|1,2022-07-26,False
UAV/Ames/TP2/Ames-TP2-4233_22_11.PNG,,RGBA,Ames,4233,22,11,TP2,726,365,Ames|4233|22|11,2022-07-26,False
UAV/Ames/TP2/Ames-TP2-4233_22_12.PNG,,RGBA,Ames,4233,22,12,TP2,727,365,Ames|4233|22|12,2022-07-26,False
UAV/Ames/TP2/Ames-TP2-4233_22_2.PNG,,RGBA,Ames,4233,22,2,TP2,726,366,Ames|4233|22|2,2022-07-26,False
UAV/Ames/TP2/Ames-TP2-4233_23_1.PNG,,RGBA,Ames,4233,23,1,TP2,726,366,Ames|4233|23|1,2022-07-26,False
UAV/Ames/TP2/Ames-TP2-4233_23_11.PNG,,RGBA,Ames,4233,23,11,TP2,726,366,Ames|4233|23|11,2022-07-26,False
UAV/Ames/TP2/Ames-TP2-4233_23_12.PNG,,RGBA,Ames,4233,23,12,TP2,727,366,Ames|4233|23|12,2022-07-26,False
UAV/Ames/TP2/Ames-TP2-4233_23_2.PNG,,RGBA,Ames,4233,23,2,TP2,726,366,Ames|4233|23|2,2022-07-26,False
UAV/Ames/TP2/Ames-TP2-4233_24_1.PNG,,RGBA,Ames,4233,24,1,TP2,726,366,Ames|4233|24|1,2022-07-26,False
UAV/Ames/TP2/Ames-TP2-4233_24_11.PNG,,RGBA,Ames,4233,24,11,TP2,726,366,Ames|4233|24|11,2022-07-26,False
UAV/Ames/TP2/Ames-TP2-4233_24_12.PNG,,RGBA,Ames,4233,24,12,TP2,726,366,Ames|4233|24|12,2022-07-26,False
UAV/Ames/TP2/Ames-TP2-4233_24_2.PNG,,RGBA,Ames,4233,24,2,TP2,726,366,Ames|4233|24|2,2022-07-26,False
UAV/Ames/TP2/Ames-TP2-4233_25_1.PNG,,RGBA,Ames,4233,25,1,TP2,726,366,Ames|4233|25|1,2022-07-26,False
UAV/Ames/TP2/Ames-TP2-4233_25_10.PNG,,RGBA,Ames,4233,25,10,TP2,727,366,Ames|4233|25|10,2022-07-26,False
UAV/Ames/TP2/Ames-TP2-4233_25_11.PNG,,RGBA,Ames,4233,25,11,TP2,726,365,Ames|4233|25|11,2022-07-26,False
UAV/Ames/TP2/Ames-TP2-4233_25_12.PNG,,RGBA,Ames,4233,25,12,TP2,726,365,Ames|4233|25|12,2022-07-26,False
UAV/Ames/TP2/Ames-TP2-4233_25_2.PNG,,RGBA,Ames,4233,25,2,TP2,727,366,Ames|4233|25|2,2022-07-26,False
UAV/Ames/TP2/Ames-TP2-4233_25_3.PNG,,RGBA,Ames,4233,25,3,TP2,726,366,Ames|4233|25|3,2022-07-26,False
UAV/Ames/TP2/Ames-TP2-4233_25_4.PNG,,RGBA,Ames,4233,25,4,TP2,726,366,Ames|4233|25|4,2022-07-26,False
UAV/Ames/TP2/Ames-TP2-4233_25_5.PNG,,RGBA,Ames,4233,25,5,TP2,727,365,Ames|4233|25|5,2022-07-26,False
UAV/Ames/TP2/Ames-TP2-4233_25_6.PNG,,RGBA,Ames,4233,25,6,TP2,726,365,Ames|4233|25|6,2022-07-26,False
UAV/Ames/TP2/Ames-TP2-4233_25_7.PNG,,RGBA,Ames,4233,25,7,TP2,726,366,Ames|4233|25|7,2022-07-26,False
UAV/Ames/TP2/Ames-TP2-4233_25_8.PNG,,RGBA,Ames,4233,25,8,TP2,726,366,Ames|4233|25|8,2022-07-26,False
UAV/Ames/TP2/Ames-TP2-4233_25_9.PNG,,RGBA,Ames,4233,25,9,TP2,726,366,Ames|4233|25|9,2022-07-26,False
UAV/Ames/TP2/Ames-TP2-4233_2_1.PNG,,RGBA,Ames,4233,2,1,TP2,726,366,Ames|4233|2|1,2022-07-26,False
UAV/Ames/TP2/Ames-TP2-4233_2_10.PNG,,RGBA,Ames,4233,2,10,TP2,727,366,Ames|4233|2|10,2022-07-26,False
UAV/Ames/TP2/Ames-TP2-4233_2_11.PNG,,RGBA,Ames,4233,2,11,TP2,727,366,Ames|4233|2|11,2022-07-26,False
UAV/Ames/TP2/Ames-TP2-4233_2_12.PNG,,RGBA,Ames,4233,2,12,TP2,727,366,Ames|4233|2|12,2022-07-26,False
UAV/Ames/TP2/Ames-TP2-4233_2_2.PNG,,RGBA,Ames,4233,2,2,TP2,726,366,Ames|4233|2|2,2022-07-26,False
UAV/Ames/TP2/Ames-TP2-4233_2_3.PNG,,RGBA,Ames,4233,2,3,TP2,726,367,Ames|4233|2|3,2022-07-26,False
UAV/Ames/TP2/Ames-TP2-4233_2_4.PNG,,RGBA,Ames,4233,2,4,TP2,726,366,Ames|4233|2|4,2022-07-26,False
UAV/Ames/TP2/Ames-TP2-4233_2_5.PNG,,RGBA,Ames,4233,2,5,TP2,727,366,Ames|4233|2|5,2022-07-26,False
UAV/Ames/TP2/Ames-TP2-4233_2_6.PNG,,RGBA,Ames,4233,2,6,TP2,727,366,Ames|4233|2|6,2022-07-26,False
UAV/Ames/TP2/Ames-TP2-4233_2_7.PNG,,RGBA,Ames,4233,2,7,TP2,727,366,Ames|4233|2|7,2022-07-26,False
UAV/Ames/TP2/Ames-TP2-4233_2_8.PNG,,RGBA,Ames,4233,2,8,TP2,727,366,Ames|4233|2|8,2022-07-26,False
UAV/Ames/TP2/Ames-TP2-4233_2_9.PNG,,RGBA,Ames,4233,2,9,TP2,727,366,Ames|4233|2|9,2022-07-26,False
UAV/Ames/TP2/Ames-TP2-4233_3_1.PNG,,RGBA,Ames,4233,3,1,TP2,727,366,Ames|4233|3|1,2022-07-26,False
UAV/Ames/TP2/Ames-TP2-4233_3_11.PNG,,RGBA,Ames,4233,3,11,TP2,727,366,Ames|4233|3|11,2022-07-26,False
UAV/Ames/TP2/Ames-TP2-4233_3_12.PNG,,RGBA,Ames,4233,3,12,TP2,727,366,Ames|4233|3|12,2022-07-26,False
UAV/Ames/TP2/Ames-TP2-4233_3_2.PNG,,RGBA,Ames,4233,3,2,TP2,727,366,Ames|4233|3|2,2022-07-26,False
UAV/Ames/TP2/Ames-TP2-4233_4_1.PNG,,RGBA,Ames,4233,4,1,TP2,727,366,Ames|4233|4|1,2022-07-26,False
UAV/Ames/TP2/Ames-TP2-4233_4_11.PNG,,RGBA,Ames,4233,4,11,TP2,728,366,Ames|4233|4|11,2022-07-26,False
UAV/Ames/TP2/Ames-TP2-4233_4_12.PNG,,RGBA,Ames,4233,4,12,TP2,727,366,Ames|4233|4|12,2022-07-26,False
UAV/Ames/TP2/Ames-TP2-4233_4_2.PNG,,RGBA,Ames,4233,4,2,TP2,727,366,Ames|4233|4|2,2022-07-26,False
UAV/Ames/TP2/Ames-TP2-4233_5_1.PNG,,RGBA,Ames,4233,5,1,TP2,727,366,Ames|4233|5|1,2022-07-26,False
UAV/Ames/TP2/Ames-TP2-4233_5_11.PNG,,RGBA,Ames,4233,5,11,TP2,727,366,Ames|4233|5|11,2022-07-26,False
UAV/Ames/TP2/Ames-TP2-4233_5_12.PNG,,RGBA,Ames,4233,5,12,TP2,727,366,Ames|4233|5|12,2022-07-26,False
UAV/Ames/TP2/Ames-TP2-4233_5_2.PNG,,RGBA,Ames,4233,5,2,TP2,727,366,Ames|4233|5|2,2022-07-26,False
UAV/Ames/TP2/Ames-TP2-4233_6_1.PNG,,RGBA,Ames,4233,6,1,TP2,726,366,Ames|4233|6|1,2022-07-26,False
UAV/Ames/TP2/Ames-TP2-4233_6_11.PNG,,RGBA,Ames,4233,6,11,TP2,727,366,Ames|4233|6|11,2022-07-26,False
UAV/Ames/TP2/Ames-TP2-4233_6_12.PNG,,RGBA,Ames,4233,6,12,TP2,727,366,Ames|4233|6|12,2022-07-26,False
UAV/Ames/TP2/Ames-TP2-4233_6_2.PNG,,RGBA,Ames,4233,6,2,TP2,727,366,Ames|4233|6|2,2022-07-26,False
UAV/Ames/TP2/Ames-TP2-4233_7_1.PNG,,RGBA,Ames,4233,7,1,TP2,726,367,Ames|4233|7|1,2022-07-26,False
UAV/Ames/TP2/Ames-TP2-4233_7_11.PNG,,RGBA,Ames,4233,7,11,TP2,727,366,Ames|4233|7|11,2022-07-26,False
UAV/Ames/TP2/Ames-TP2-4233_7_12.PNG,,RGBA,Ames,4233,7,12,TP2,727,366,Ames|4233|7|12,2022-07-26,False
UAV/Ames/TP2/Ames-TP2-4233_7_2.PNG,,RGBA,Ames,4233,7,2,TP2,726,366,Ames|4233|7|2,2022-07-26,False
UAV/Ames/TP2/Ames-TP2-4233_8_1.PNG,,RGBA,Ames,4233,8,1,TP2,727,366,Ames|4233|8|1,2022-07-26,False
UAV/Ames/TP2/Ames-TP2-4233_8_11.PNG,,RGBA,Ames,4233,8,11,TP2,727,366,Ames|4233|8|11,2022-07-26,False
UAV/Ames/TP2/Ames-TP2-4233_8_12.PNG,,RGBA,Ames,4233,8,12,TP2,727,365,Ames|4233|8|12,2022-07-26,False
UAV/Ames/TP2/Ames-TP2-4233_8_2.PNG,,RGBA,Ames,4233,8,2,TP2,727,366,Ames|4233|8|2,2022-07-26,False
UAV/Ames/TP2/Ames-TP2-4233_9_1.PNG,,RGBA,Ames,4233,9,1,TP2,727,366,Ames|4233|9|1,2022-07-26,False
UAV/Ames/TP2/Ames-TP2-4233_9_11.PNG,,RGBA,Ames,4233,9,11,TP2,727,366,Ames|4233|9|11,2022-07-26,False
UAV/Ames/TP2/Ames-TP2-4233_9_12.PNG,,RGBA,Ames,4233,9,12,TP2,727,366,Ames|4233|9|12,2022-07-26,False
UAV/Ames/TP2/Ames-TP2-4233_9_2.PNG,,RGBA,Ames,4233,9,2,TP2,727,367,Ames|4233|9|2,2022-07-26,False
UAV/Ames/TP3/Ames-TP3-4231_1_2.PNG,,RGBA,Ames,4231,1,2,TP3,382,751,Ames|4231|1|2,2022-08-10,False
UAV/Ames/TP3/Ames-TP3-4231_1_3.PNG,,RGBA,Ames,4231,1,3,TP3,381,752,Ames|4231|1|3,2022-08-10,False
UAV/Ames/TP3/Ames-TP3-4231_1_4.PNG,,RGBA,Ames,4231,1,4,TP3,381,752,Ames|4231|1|4,2022-08-10,False
UAV/Ames/TP3/Ames-TP3-4231_1_5.PNG,,RGBA,Ames,4231,1,5,TP3,381,751,Ames|4231|1|5,2022-08-10,False
UAV/Ames/TP3/Ames-TP3-4231_1_6.PNG,,RGBA,Ames,4231,1,6,TP3,381,752,Ames|4231|1|6,2022-08-10,False
UAV/Ames/TP3/Ames-TP3-4231_1_7.PNG,,RGBA,Ames,4231,1,7,TP3,381,752,Ames|4231|1|7,2022-08-10,False
UAV/Ames/TP3/Ames-TP3-4232_1_17.PNG,,RGBA,Ames,4232,1,17,TP3,380,747,Ames|4232|1|17,2022-08-10,False
UAV/Ames/TP3/Ames-TP3-4232_1_18.PNG,,RGBA,Ames,4232,1,18,TP3,380,747,Ames|4232|1|18,2022-08-10,False
UAV/Ames/TP3/Ames-TP3-4232_1_19.PNG,,RGBA,Ames,4232,1,19,TP3,380,747,Ames|4232|1|19,2022-08-10,False
UAV/Ames/TP3/Ames-TP3-4232_1_20.PNG,,RGBA,Ames,4232,1,20,TP3,381,746,Ames|4232|1|20,2022-08-10,False
UAV/Ames/TP3/Ames-TP3-4232_1_21.PNG,,RGBA,Ames,4232,1,21,TP3,380,747,Ames|4232|1|21,2022-08-10,False
UAV/Ames/TP3/Ames-TP3-4232_1_22.PNG,,RGBA,Ames,4232,1,22,TP3,380,746,Ames|4232|1|22,2022-08-10,False
UAV/Ames/TP3/Ames-TP3-4233_10_1.PNG,,RGBA,Ames,4233,10,1,TP3,715,361,Ames|4233|10|1,2022-08-10,False
UAV/Ames/TP3/Ames-TP3-4233_10_11.PNG,,RGBA,Ames,4233,10,11,TP3,716,361,Ames|4233|10|11,2022-08-10,False
UAV/Ames/TP3/Ames-TP3-4233_10_12.PNG,,RGBA,Ames,4233,10,12,TP3,715,361,Ames|4233|10|12,2022-08-10,False
UAV/Ames/TP3/Ames-TP3-4233_10_2.PNG,,RGBA,Ames,4233,10,2,TP3,715,361,Ames|4233|10|2,2022-08-10,False
UAV/Ames/TP3/Ames-TP3-4233_11_1.PNG,,RGBA,Ames,4233,11,1,TP3,715,361,Ames|4233|11|1,2022-08-10,False
UAV/Ames/TP3/Ames-TP3-4233_11_11.PNG,,RGBA,Ames,4233,11,11,TP3,715,361,Ames|4233|11|11,2022-08-10,False
UAV/Ames/TP3/Ames-TP3-4233_11_12.PNG,,RGBA,Ames,4233,11,12,TP3,715,360,Ames|4233|11|12,2022-08-10,False
UAV/Ames/TP3/Ames-TP3-4233_11_2.PNG,,RGBA,Ames,4233,11,2,TP3,715,361,Ames|4233|11|2,2022-08-10,False
UAV/Ames/TP3/Ames-TP3-4233_12_1.PNG,,RGBA,Ames,4233,12,1,TP3,715,361,Ames|4233|12|1,2022-08-10,False
UAV/Ames/TP3/Ames-TP3-4233_12_11.PNG,,RGBA,Ames,4233,12,11,TP3,715,361,Ames|4233|12|11,2022-08-10,False
UAV/Ames/TP3/Ames-TP3-4233_12_12.PNG,,RGBA,Ames,4233,12,12,TP3,715,361,Ames|4233|12|12,2022-08-10,False
UAV/Ames/TP3/Ames-TP3-4233_12_2.PNG,,RGBA,Ames,4233,12,2,TP3,715,361,Ames|4233|12|2,2022-08-10,False
UAV/Ames/TP3/Ames-TP3-4233_13_1.PNG,,RGBA,Ames,4233,13,1,TP3,715,362,Ames|4233|13|1,2022-08-10,False
UAV/Ames/TP3/Ames-TP3-4233_13_11.PNG,,RGBA,Ames,4233,13,11,TP3,715,360,Ames|4233|13|11,2022-08-10,False
UAV/Ames/TP3/Ames-TP3-4233_13_12.PNG,,RGBA,Ames,4233,13,12,TP3,715,361,Ames|4233|13|12,2022-08-10,False
UAV/Ames/TP3/Ames-TP3-4233_13_2.PNG,,RGBA,Ames,4233,13,2,TP3,714,361,Ames|4233|13|2,2022-08-10,False
UAV/Ames/TP3/Ames-TP3-4233_14_1.PNG,,RGBA,Ames,4233,14,1,TP3,715,361,Ames|4233|14|1,2022-08-10,False
UAV/Ames/TP3/Ames-TP3-4233_14_11.PNG,,RGBA,Ames,4233,14,11,TP3,715,361,Ames|4233|14|11,2022-08-10,False
UAV/Ames/TP3/Ames-TP3-4233_14_12.PNG,,RGBA,Ames,4233,14,12,TP3,715,361,Ames|4233|14|12,2022-08-10,False
UAV/Ames/TP3/Ames-TP3-4233_14_2.PNG,,RGBA,Ames,4233,14,2,TP3,715,361,Ames|4233|14|2,2022-08-10,False
UAV/Ames/TP3/Ames-TP3-4233_15_1.PNG,,RGBA,Ames,4233,15,1,TP3,714,361,Ames|4233|15|1,2022-08-10,False
UAV/Ames/TP3/Ames-TP3-4233_15_11.PNG,,RGBA,Ames,4233,15,11,TP3,715,361,Ames|4233|15|11,2022-08-10,False
UAV/Ames/TP3/Ames-TP3-4233_15_12.PNG,,RGBA,Ames,4233,15,12,TP3,715,361,Ames|4233|15|12,2022-08-10,False
UAV/Ames/TP3/Ames-TP3-4233_15_2.PNG,,RGBA,Ames,4233,15,2,TP3,715,361,Ames|4233|15|2,2022-08-10,False
UAV/Ames/TP3/Ames-TP3-4233_16_1.PNG,,RGBA,Ames,4233,16,1,TP3,714,361,Ames|4233|16|1,2022-08-10,False
UAV/Ames/TP3/Ames-TP3-4233_16_11.PNG,,RGBA,Ames,4233,16,11,TP3,715,360,Ames|4233|16|11,2022-08-10,False
UAV/Ames/TP3/Ames-TP3-4233_16_12.PNG,,RGBA,Ames,4233,16,12,TP3,715,361,Ames|4233|16|12,2022-08-10,False
UAV/Ames/TP3/Ames-TP3-4233_16_2.PNG,,RGBA,Ames,4233,16,2,TP3,715,361,Ames|4233|16|2,2022-08-10,False
UAV/Ames/TP3/Ames-TP3-4233_17_1.PNG,,RGBA,Ames,4233,17,1,TP3,715,361,Ames|4233|17|1,2022-08-10,False
UAV/Ames/TP3/Ames-TP3-4233_17_11.PNG,,RGBA,Ames,4233,17,11,TP3,714,361,Ames|4233|17|11,2022-08-10,False
UAV/Ames/TP3/Ames-TP3-4233_17_12.PNG,,RGBA,Ames,4233,17,12,TP3,715,361,Ames|4233|17|12,2022-08-10,False
UAV/Ames/TP3/Ames-TP3-4233_17_2.PNG,,RGBA,Ames,4233,17,2,TP3,715,361,Ames|4233|17|2,2022-08-10,False
UAV/Ames/TP3/Ames-TP3-4233_18_1.PNG,,RGBA,Ames,4233,18,1,TP3,715,361,Ames|4233|18|1,2022-08-10,False
UAV/Ames/TP3/Ames-TP3-4233_18_11.PNG,,RGBA,Ames,4233,18,11,TP3,715,361,Ames|4233|18|11,2022-08-10,False
UAV/Ames/TP3/Ames-TP3-4233_18_12.PNG,,RGBA,Ames,4233,18,12,TP3,715,361,Ames|4233|18|12,2022-08-10,False
UAV/Ames/TP3/Ames-TP3-4233_18_2.PNG,,RGBA,Ames,4233,18,2,TP3,715,361,Ames|4233|18|2,2022-08-10,False
UAV/Ames/TP3/Ames-TP3-4233_19_1.PNG,,RGBA,Ames,4233,19,1,TP3,715,361,Ames|4233|19|1,2022-08-10,False
UAV/Ames/TP3/Ames-TP3-4233_19_11.PNG,,RGBA,Ames,4233,19,11,TP3,715,360,Ames|4233|19|11,2022-08-10,False
UAV/Ames/TP3/Ames-TP3-4233_19_12.PNG,,RGBA,Ames,4233,19,12,TP3,715,360,Ames|4233|19|12,2022-08-10,False
UAV/Ames/TP3/Ames-TP3-4233_19_2.PNG,,RGBA,Ames,4233,19,2,TP3,714,361,Ames|4233|19|2,2022-08-10,False
UAV/Ames/TP3/Ames-TP3-4233_1_1.PNG,,RGBA,Ames,4233,1,1,TP3,715,362,Ames|4233|1|1,2022-08-10,False
UAV/Ames/TP3/Ames-TP3-4233_1_10.PNG,,RGBA,Ames,4233,1,10,TP3,716,361,Ames|4233|1|10,2022-08-10,False
UAV/Ames/TP3/Ames-TP3-4233_1_11.PNG,,RGBA,Ames,4233,1,11,TP3,716,361,Ames|4233|1|11,2022-08-10,False
UAV/Ames/TP3/Ames-TP3-4233_1_12.PNG,,RGBA,Ames,4233,1,12,TP3,715,361,Ames|4233|1|12,2022-08-10,False
UAV/Ames/TP3/Ames-TP3-4233_1_2.PNG,,RGBA,Ames,4233,1,2,TP3,715,361,Ames|4233|1|2,2022-08-10,False
UAV/Ames/TP3/Ames-TP3-4233_1_3.PNG,,RGBA,Ames,4233,1,3,TP3,715,361,Ames|4233|1|3,2022-08-10,False
UAV/Ames/TP3/Ames-TP3-4233_1_4.PNG,,RGBA,Ames,4233,1,4,TP3,715,361,Ames|4233|1|4,2022-08-10,False
UAV/Ames/TP3/Ames-TP3-4233_1_5.PNG,,RGBA,Ames,4233,1,5,TP3,715,361,Ames|4233|1|5,2022-08-10,False
UAV/Ames/TP3/Ames-TP3-4233_1_6.PNG,,RGBA,Ames,4233,1,6,TP3,716,362,Ames|4233|1|6,2022-08-10,False
UAV/Ames/TP3/Ames-TP3-4233_1_7.PNG,,RGBA,Ames,4233,1,7,TP3,716,361,Ames|4233|1|7,2022-08-10,False
UAV/Ames/TP3/Ames-TP3-4233_1_8.PNG,,RGBA,Ames,4233,1,8,TP3,716,362,Ames|4233|1|8,2022-08-10,False
UAV/Ames/TP3/Ames-TP3-4233_1_9.PNG,,RGBA,Ames,4233,1,9,TP3,716,361,Ames|4233|1|9,2022-08-10,False
UAV/Ames/TP3/Ames-TP3-4233_20_1.PNG,,RGBA,Ames,4233,20,1,TP3,715,361,Ames|4233|20|1,2022-08-10,False
UAV/Ames/TP3/Ames-TP3-4233_20_11.PNG,,RGBA,Ames,4233,20,11,TP3,715,361,Ames|4233|20|11,2022-08-10,False
UAV/Ames/TP3/Ames-TP3-4233_20_12.PNG,,RGBA,Ames,4233,20,12,TP3,715,361,Ames|4233|20|12,2022-08-10,False
UAV/Ames/TP3/Ames-TP3-4233_20_2.PNG,,RGBA,Ames,4233,20,2,TP3,715,360,Ames|4233|20|2,2022-08-10,False
UAV/Ames/TP3/Ames-TP3-4233_21_1.PNG,,RGBA,Ames,4233,21,1,TP3,714,361,Ames|4233|21|1,2022-08-10,False
UAV/Ames/TP3/Ames-TP3-4233_21_11.PNG,,RGBA,Ames,4233,21,11,TP3,715,361,Ames|4233|21|11,2022-08-10,False
UAV/Ames/TP3/Ames-TP3-4233_21_12.PNG,,RGBA,Ames,4233,21,12,TP3,715,361,Ames|4233|21|12,2022-08-10,False
UAV/Ames/TP3/Ames-TP3-4233_21_2.PNG,,RGBA,Ames,4233,21,2,TP3,715,361,Ames|4233|21|2,2022-08-10,False
UAV/Ames/TP3/Ames-TP3-4233_22_1.PNG,,RGBA,Ames,4233,22,1,TP3,714,361,Ames|4233|22|1,2022-08-10,False
UAV/Ames/TP3/Ames-TP3-4233_22_11.PNG,,RGBA,Ames,4233,22,11,TP3,715,360,Ames|4233|22|11,2022-08-10,False
UAV/Ames/TP3/Ames-TP3-4233_22_12.PNG,,RGBA,Ames,4233,22,12,TP3,715,360,Ames|4233|22|12,2022-08-10,False
UAV/Ames/TP3/Ames-TP3-4233_22_2.PNG,,RGBA,Ames,4233,22,2,TP3,715,361,Ames|4233|22|2,2022-08-10,False
UAV/Ames/TP3/Ames-TP3-4233_23_1.PNG,,RGBA,Ames,4233,23,1,TP3,714,361,Ames|4233|23|1,2022-08-10,False
UAV/Ames/TP3/Ames-TP3-4233_23_11.PNG,,RGBA,Ames,4233,23,11,TP3,715,361,Ames|4233|23|11,2022-08-10,False
UAV/Ames/TP3/Ames-TP3-4233_23_12.PNG,,RGBA,Ames,4233,23,12,TP3,715,361,Ames|4233|23|12,2022-08-10,False
UAV/Ames/TP3/Ames-TP3-4233_23_2.PNG,,RGBA,Ames,4233,23,2,TP3,715,361,Ames|4233|23|2,2022-08-10,False
UAV/Ames/TP3/Ames-TP3-4233_24_1.PNG,,RGBA,Ames,4233,24,1,TP3,714,361,Ames|4233|24|1,2022-08-10,False
UAV/Ames/TP3/Ames-TP3-4233_24_11.PNG,,RGBA,Ames,4233,24,11,TP3,714,360,Ames|4233|24|11,2022-08-10,False
UAV/Ames/TP3/Ames-TP3-4233_24_12.PNG,,RGBA,Ames,4233,24,12,TP3,715,360,Ames|4233|24|12,2022-08-10,False
UAV/Ames/TP3/Ames-TP3-4233_24_2.PNG,,RGBA,Ames,4233,24,2,TP3,714,361,Ames|4233|24|2,2022-08-10,False
UAV/Ames/TP3/Ames-TP3-4233_25_1.PNG,,RGBA,Ames,4233,25,1,TP3,715,361,Ames|4233|25|1,2022-08-10,False
UAV/Ames/TP3/Ames-TP3-4233_25_10.PNG,,RGBA,Ames,4233,25,10,TP3,715,360,Ames|4233|25|10,2022-08-10,False
UAV/Ames/TP3/Ames-TP3-4233_25_11.PNG,,RGBA,Ames,4233,25,11,TP3,715,360,Ames|4233|25|11,2022-08-10,False
UAV/Ames/TP3/Ames-TP3-4233_25_12.PNG,,RGBA,Ames,4233,25,12,TP3,714,361,Ames|4233|25|12,2022-08-10,False
UAV/Ames/TP3/Ames-TP3-4233_25_2.PNG,,RGBA,Ames,4233,25,2,TP3,714,361,Ames|4233|25|2,2022-08-10,False
UAV/Ames/TP3/Ames-TP3-4233_25_3.PNG,,RGBA,Ames,4233,25,3,TP3,714,360,Ames|4233|25|3,2022-08-10,False
UAV/Ames/TP3/Ames-TP3-4233_25_4.PNG,,RGBA,Ames,4233,25,4,TP3,715,360,Ames|4233|25|4,2022-08-10,False
UAV/Ames/TP3/Ames-TP3-4233_25_5.PNG,,RGBA,Ames,4233,25,5,TP3,714,360,Ames|4233|25|5,2022-08-10,False
UAV/Ames/TP3/Ames-TP3-4233_25_6.PNG,,RGBA,Ames,4233,25,6,TP3,714,360,Ames|4233|25|6,2022-08-10,False
UAV/Ames/TP3/Ames-TP3-4233_25_7.PNG,,RGBA,Ames,4233,25,7,TP3,715,360,Ames|4233|25|7,2022-08-10,False
UAV/Ames/TP3/Ames-TP3-4233_25_8.PNG,,RGBA,Ames,4233,25,8,TP3,715,360,Ames|4233|25|8,2022-08-10,False
UAV/Ames/TP3/Ames-TP3-4233_25_9.PNG,,RGBA,Ames,4233,25,9,TP3,714,360,Ames|4233|25|9,2022-08-10,False
UAV/Ames/TP3/Ames-TP3-4233_2_1.PNG,,RGBA,Ames,4233,2,1,TP3,715,361,Ames|4233|2|1,2022-08-10,False
UAV/Ames/TP3/Ames-TP3-4233_2_10.PNG,,RGBA,Ames,4233,2,10,TP3,715,361,Ames|4233|2|10,2022-08-10,False
UAV/Ames/TP3/Ames-TP3-4233_2_11.PNG,,RGBA,Ames,4233,2,11,TP3,715,361,Ames|4233|2|11,2022-08-10,False
UAV/Ames/TP3/Ames-TP3-4233_2_12.PNG,,RGBA,Ames,4233,2,12,TP3,715,361,Ames|4233|2|12,2022-08-10,False
UAV/Ames/TP3/Ames-TP3-4233_2_2.PNG,,RGBA,Ames,4233,2,2,TP3,715,361,Ames|4233|2|2,2022-08-10,False
UAV/Ames/TP3/Ames-TP3-4233_2_3.PNG,,RGBA,Ames,4233,2,3,TP3,716,361,Ames|4233|2|3,2022-08-10,False
UAV/Ames/TP3/Ames-TP3-4233_2_4.PNG,,RGBA,Ames,4233,2,4,TP3,716,362,Ames|4233|2|4,2022-08-10,False
UAV/Ames/TP3/Ames-TP3-4233_2_5.PNG,,RGBA,Ames,4233,2,5,TP3,715,361,Ames|4233|2|5,2022-08-10,False
UAV/Ames/TP3/Ames-TP3-4233_2_6.PNG,,RGBA,Ames,4233,2,6,TP3,715,361,Ames|4233|2|6,2022-08-10,False
UAV/Ames/TP3/Ames-TP3-4233_2_7.PNG,,RGBA,Ames,4233,2,7,TP3,715,361,Ames|4233|2|7,2022-08-10,False
UAV/Ames/TP3/Ames-TP3-4233_2_8.PNG,,RGBA,Ames,4233,2,8,TP3,715,361,Ames|4233|2|8,2022-08-10,False
UAV/Ames/TP3/Ames-TP3-4233_2_9.PNG,,RGBA,Ames,4233,2,9,TP3,715,361,Ames|4233|2|9,2022-08-10,False
UAV/Ames/TP3/Ames-TP3-4233_3_1.PNG,,RGBA,Ames,4233,3,1,TP3,716,361,Ames|4233|3|1,2022-08-10,False
UAV/Ames/TP3/Ames-TP3-4233_3_11.PNG,,RGBA,Ames,4233,3,11,TP3,716,361,Ames|4233|3|11,2022-08-10,False
UAV/Ames/TP3/Ames-TP3-4233_3_12.PNG,,RGBA,Ames,4233,3,12,TP3,716,361,Ames|4233|3|12,2022-08-10,False
UAV/Ames/TP3/Ames-TP3-4233_3_2.PNG,,RGBA,Ames,4233,3,2,TP3,715,362,Ames|4233|3|2,2022-08-10,False
UAV/Ames/TP3/Ames-TP3-4233_4_1.PNG,,RGBA,Ames,4233,4,1,TP3,715,361,Ames|4233|4|1,2022-08-10,False
UAV/Ames/TP3/Ames-TP3-4233_4_11.PNG,,RGBA,Ames,4233,4,11,TP3,715,361,Ames|4233|4|11,2022-08-10,False
UAV/Ames/TP3/Ames-TP3-4233_4_12.PNG,,RGBA,Ames,4233,4,12,TP3,715,361,Ames|4233|4|12,2022-08-10,False
UAV/Ames/TP3/Ames-TP3-4233_4_2.PNG,,RGBA,Ames,4233,4,2,TP3,715,361,Ames|4233|4|2,2022-08-10,False
UAV/Ames/TP3/Ames-TP3-4233_5_1.PNG,,RGBA,Ames,4233,5,1,TP3,715,361,Ames|4233|5|1,2022-08-10,False
UAV/Ames/TP3/Ames-TP3-4233_5_11.PNG,,RGBA,Ames,4233,5,11,TP3,716,361,Ames|4233|5|11,2022-08-10,False
UAV/Ames/TP3/Ames-TP3-4233_5_12.PNG,,RGBA,Ames,4233,5,12,TP3,716,361,Ames|4233|5|12,2022-08-10,False
UAV/Ames/TP3/Ames-TP3-4233_5_2.PNG,,RGBA,Ames,4233,5,2,TP3,715,361,Ames|4233|5|2,2022-08-10,False
UAV/Ames/TP3/Ames-TP3-4233_6_1.PNG,,RGBA,Ames,4233,6,1,TP3,715,361,Ames|4233|6|1,2022-08-10,False
UAV/Ames/TP3/Ames-TP3-4233_6_11.PNG,,RGBA,Ames,4233,6,11,TP3,715,361,Ames|4233|6|11,2022-08-10,False
UAV/Ames/TP3/Ames-TP3-4233_6_12.PNG,,RGBA,Ames,4233,6,12,TP3,715,361,Ames|4233|6|12,2022-08-10,False
UAV/Ames/TP3/Ames-TP3-4233_6_2.PNG,,RGBA,Ames,4233,6,2,TP3,715,361,Ames|4233|6|2,2022-08-10,False
UAV/Ames/TP3/Ames-TP3-4233_7_1.PNG,,RGBA,Ames,4233,7,1,TP3,715,362,Ames|4233|7|1,2022-08-10,False
UAV/Ames/TP3/Ames-TP3-4233_7_11.PNG,,RGBA,Ames,4233,7,11,TP3,715,361,Ames|4233|7|11,2022-08-10,False
UAV/Ames/TP3/Ames-TP3-4233_7_12.PNG,,RGBA,Ames,4233,7,12,TP3,716,361,Ames|4233|7|12,2022-08-10,False
UAV/Ames/TP3/Ames-TP3-4233_7_2.PNG,,RGBA,Ames,4233,7,2,TP3,715,361,Ames|4233|7|2,2022-08-10,False
UAV/Ames/TP3/Ames-TP3-4233_8_1.PNG,,RGBA,Ames,4233,8,1,TP3,715,361,Ames|4233|8|1,2022-08-10,False
UAV/Ames/TP3/Ames-TP3-4233_8_11.PNG,,RGBA,Ames,4233,8,11,TP3,715,361,Ames|4233|8|11,2022-08-10,False
UAV/Ames/TP3/Ames-TP3-4233_8_12.PNG,,RGBA,Ames,4233,8,12,TP3,715,361,Ames|4233|8|12,2022-08-10,False
UAV/Ames/TP3/Ames-TP3-4233_8_2.PNG,,RGBA,Ames,4233,8,2,TP3,715,361,Ames|4233|8|2,2022-08-10,False
UAV/Ames/TP3/Ames-TP3-4233_9_1.PNG,,RGBA,Ames,4233,9,1,TP3,714,361,Ames|4233|9|1,2022-08-10,False
UAV/Ames/TP3/Ames-TP3-4233_9_11.PNG,,RGBA,Ames,4233,9,11,TP3,715,361,Ames|4233|9|11,2022-08-10,False
UAV/Ames/TP3/Ames-TP3-4233_9_12.PNG,,RGBA,Ames,4233,9,12,TP3,715,361,Ames|4233|9|12,2022-08-10,False
UAV/Ames/TP3/Ames-TP3-4233_9_2.PNG,,RGBA,Ames,4233,9,2,TP3,715,361,Ames|4233|9|2,2022-08-10,False
UAV/Scottsbluff/TP1/Scottsbluff-TP1-n150_23_17.PNG,,RGBA,Scottsbluff,n150,23,17,TP1,256,594,Scottsbluff|n150|23|17,2022-07-08,False
UAV/Scottsbluff/TP1/Scottsbluff-TP1-n150_24_17.PNG,,RGBA,Scottsbluff,n150,24,17,TP1,257,594,Scottsbluff|n150|24|17,2022-07-08,False
UAV/Scottsbluff/TP1/Scottsbluff-TP1-n150_25_17.PNG,,RGBA,Scottsbluff,n150,25,17,TP1,256,594,Scottsbluff|n150|25|17,2022-07-08,False
UAV/Scottsbluff/TP1/Scottsbluff-TP1-n150_26_17.PNG,,RGBA,Scottsbluff,n150,26,17,TP1,257,594,Scottsbluff|n150|26|17,2022-07-08,False
UAV/Scottsbluff/TP1/Scottsbluff-TP1-n150_27_17.PNG,,RGBA,Scottsbluff,n150,27,17,TP1,257,594,Scottsbluff|n150|27|17,2022-07-08,False
UAV/Scottsbluff/TP1/Scottsbluff-TP1-n225_23_26.PNG,,RGBA,Scottsbluff,n225,23,26,TP1,254,593,Scottsbluff|n225|23|26,2022-07-08,False
UAV/Scottsbluff/TP1/Scottsbluff-TP1-n225_24_26.PNG,,RGBA,Scottsbluff,n225,24,26,TP1,254,593,Scottsbluff|n225|24|26,2022-07-08,False
UAV/Scottsbluff/TP1/Scottsbluff-TP1-n225_25_26.PNG,,RGBA,Scottsbluff,n225,25,26,TP1,254,592,Scottsbluff|n225|25|26,2022-07-08,False
UAV/Scottsbluff/TP1/Scottsbluff-TP1-n225_26_26.PNG,,RGBA,Scottsbluff,n225,26,26,TP1,254,593,Scottsbluff|n225|26|26,2022-07-08,False
UAV/Scottsbluff/TP1/Scottsbluff-TP1-n225_27_26.PNG,,RGBA,Scottsbluff,n225,27,26,TP1,254,592,Scottsbluff|n225|27|26,2022-07-08,False
UAV/Scottsbluff/TP1/Scottsbluff-TP1-n75_23_4.PNG,,RGBA,Scottsbluff,n75,23,4,TP1,256,597,Scottsbluff|n75|23|4,2022-07-08,False
UAV/Scottsbluff/TP1/Scottsbluff-TP1-n75_23_7.PNG,,RGBA,Scottsbluff,n75,23,7,TP1,256,598,Scottsbluff|n75|23|7,2022-07-08,False
UAV/Scottsbluff/TP1/Scottsbluff-TP1-n75_24_7.PNG,,RGBA,Scottsbluff,n75,24,7,TP1,257,598,Scottsbluff|n75|24|7,2022-07-08,False
UAV/Scottsbluff/TP1/Scottsbluff-TP1-n75_25_7.PNG,,RGBA,Scottsbluff,n75,25,7,TP1,257,599,Scottsbluff|n75|25|7,2022-07-08,False
UAV/Scottsbluff/TP1/Scottsbluff-TP1-n75_26_7.PNG,,RGBA,Scottsbluff,n75,26,7,TP1,257,598,Scottsbluff|n75|26|7,2022-07-08,False
UAV/Scottsbluff/TP1/Scottsbluff-TP1-n75_27_7.PNG,,RGBA,Scottsbluff,n75,27,7,TP1,257,599,Scottsbluff|n75|27|7,2022-07-08,False
UAV/Scottsbluff/TP2/Scottsbluff-TP2-n150_23_17.PNG,,RGBA,Scottsbluff,n150,23,17,TP2,254,593,Scottsbluff|n150|23|17,2022-07-22,False
UAV/Scottsbluff/TP2/Scottsbluff-TP2-n150_24_17.PNG,,RGBA,Scottsbluff,n150,24,17,TP2,255,593,Scottsbluff|n150|24|17,2022-07-22,False
UAV/Scottsbluff/TP2/Scottsbluff-TP2-n150_25_17.PNG,,RGBA,Scottsbluff,n150,25,17,TP2,254,592,Scottsbluff|n150|25|17,2022-07-22,False
UAV/Scottsbluff/TP2/Scottsbluff-TP2-n150_26_17.PNG,,RGBA,Scottsbluff,n150,26,17,TP2,255,592,Scottsbluff|n150|26|17,2022-07-22,False
UAV/Scottsbluff/TP2/Scottsbluff-TP2-n150_27_17.PNG,,RGBA,Scottsbluff,n150,27,17,TP2,254,592,Scottsbluff|n150|27|17,2022-07-22,False
UAV/Scottsbluff/TP2/Scottsbluff-TP2-n225_23_26.PNG,,RGBA,Scottsbluff,n225,23,26,TP2,252,593,Scottsbluff|n225|23|26,2022-07-22,False
UAV/Scottsbluff/TP2/Scottsbluff-TP2-n225_24_26.PNG,,RGBA,Scottsbluff,n225,24,26,TP2,252,593,Scottsbluff|n225|24|26,2022-07-22,False
UAV/Scottsbluff/TP2/Scottsbluff-TP2-n225_25_26.PNG,,RGBA,Scottsbluff,n225,25,26,TP2,251,593,Scottsbluff|n225|25|26,2022-07-22,False
UAV/Scottsbluff/TP2/Scottsbluff-TP2-n225_26_26.PNG,,RGBA,Scottsbluff,n225,26,26,TP2,251,593,Scottsbluff|n225|26|26,2022-07-22,False
UAV/Scottsbluff/TP2/Scottsbluff-TP2-n225_27_26.PNG,,RGBA,Scottsbluff,n225,27,26,TP2,251,592,Scottsbluff|n225|27|26,2022-07-22,False
UAV/Scottsbluff/TP2/Scottsbluff-TP2-n75_23_4.PNG,,RGBA,Scottsbluff,n75,23,4,TP2,255,595,Scottsbluff|n75|23|4,2022-07-22,False
UAV/Scottsbluff/TP2/Scottsbluff-TP2-n75_23_7.PNG,,RGBA,Scottsbluff,n75,23,7,TP2,254,595,Scottsbluff|n75|23|7,2022-07-22,False
UAV/Scottsbluff/TP2/Scottsbluff-TP2-n75_24_7.PNG,,RGBA,Scottsbluff,n75,24,7,TP2,255,596,Scottsbluff|n75|24|7,2022-07-22,False
UAV/Scottsbluff/TP2/Scottsbluff-TP2-n75_25_7.PNG,,RGBA,Scottsbluff,n75,25,7,TP2,255,596,Scottsbluff|n75|25|7,2022-07-22,False
UAV/Scottsbluff/TP2/Scottsbluff-TP2-n75_26_7.PNG,,RGBA,Scottsbluff,n75,26,7,TP2,254,596,Scottsbluff|n75|26|7,2022-07-22,False
UAV/Scottsbluff/TP2/Scottsbluff-TP2-n75_27_7.PNG,,RGBA,Scottsbluff,n75,27,7,TP2,254,596,Scottsbluff|n75|27|7,2022-07-22,False
UAV/Scottsbluff/TP3/Scottsbluff-TP3-n150_23_17.PNG,,RGBA,Scottsbluff,n150,23,17,TP3,264,618,Scottsbluff|n150|23|17,2022-08-12,False
UAV/Scottsbluff/TP3/Scottsbluff-TP3-n150_24_17.PNG,,RGBA,Scottsbluff,n150,24,17,TP3,265,618,Scottsbluff|n150|24|17,2022-08-12,False
UAV/Scottsbluff/TP3/Scottsbluff-TP3-n150_25_17.PNG,,RGBA,Scottsbluff,n150,25,17,TP3,265,617,Scottsbluff|n150|25|17,2022-08-12,False
UAV/Scottsbluff/TP3/Scottsbluff-TP3-n150_26_17.PNG,,RGBA,Scottsbluff,n150,26,17,TP3,265,617,Scottsbluff|n150|26|17,2022-08-12,False
UAV/Scottsbluff/TP3/Scottsbluff-TP3-n150_27_17.PNG,,RGBA,Scottsbluff,n150,27,17,TP3,265,618,Scottsbluff|n150|27|17,2022-08-12,False
UAV/Scottsbluff/TP3/Scottsbluff-TP3-n225_23_26.PNG,,RGBA,Scottsbluff,n225,23,26,TP3,262,616,Scottsbluff|n225|23|26,2022-08-12,False
UAV/Scottsbluff/TP3/Scottsbluff-TP3-n225_24_26.PNG,,RGBA,Scottsbluff,n225,24,26,TP3,262,616,Scottsbluff|n225|24|26,2022-08-12,False
UAV/Scottsbluff/TP3/Scottsbluff-TP3-n225_25_26.PNG,,RGBA,Scottsbluff,n225,25,26,TP3,262,616,Scottsbluff|n225|25|26,2022-08-12,False
UAV/Scottsbluff/TP3/Scottsbluff-TP3-n225_26_26.PNG,,RGBA,Scottsbluff,n225,26,26,TP3,262,616,Scottsbluff|n225|26|26,2022-08-12,False
UAV/Scottsbluff/TP3/Scottsbluff-TP3-n225_27_26.PNG,,RGBA,Scottsbluff,n225,27,26,TP3,262,615,Scottsbluff|n225|27|26,2022-08-12,False
UAV/Scottsbluff/TP3/Scottsbluff-TP3-n75_23_4.PNG,,RGBA,Scottsbluff,n75,23,4,TP3,265,621,Scottsbluff|n75|23|4,2022-08-12,False
UAV/Scottsbluff/TP3/Scottsbluff-TP3-n75_23_7.PNG,,RGBA,Scottsbluff,n75,23,7,TP3,264,621,Scottsbluff|n75|23|7,2022-08-12,False
UAV/Scottsbluff/TP3/Scottsbluff-TP3-n75_24_7.PNG,,RGBA,Scottsbluff,n75,24,7,TP3,265,622,Scottsbluff|n75|24|7,2022-08-12,False
UAV/Scottsbluff/TP3/Scottsbluff-TP3-n75_25_7.PNG,,RGBA,Scottsbluff,n75,25,7,TP3,264,622,Scottsbluff|n75|25|7,2022-08-12,False
UAV/Scottsbluff/TP3/Scottsbluff-TP3-n75_26_7.PNG,,RGBA,Scottsbluff,n75,26,7,TP3,265,622,Scottsbluff|n75|26|7,2022-08-12,False
UAV/Scottsbluff/TP3/Scottsbluff-TP3-n75_27_7.PNG,,RGBA,Scottsbluff,n75,27,7,TP3,265,622,Scottsbluff|n75|27|7,2022-08-12,False
