genotype,mean_difference,sites,positive_sites,min_difference,max_difference
2369 X 3IIH6,5.553750000000003,4,2,-51.185,49.905
2369 X LH123HT,3.378750000000002,4,2,-25.694999999999993,41.63500000000002
2369 X PHN82,4.932499999999987,4,3,-15.079999999999998,27.904999999999973
2369 X PHP02,2.2999999999999954,4,3,-34.38500000000002,25.25
2369 X PHZ51,15.075000000000006,4,3,-12.35499999999999,38.63000000000001
2FACC X 3IIH6,-2.8487499999999955,4,1,-45.61500000000001,60.639999999999986
4N506 X 3IIH6,6.102500000000003,4,3,-26.819999999999993,26.235
B105 X 3IIH6,8.267500000000009,4,3,-0.6999999999999886,18.235
B14A X MO17,15.013749999999991,4,3,-0.48500000000001364,28.109999999999985
B37 X H95,3.0749999999999975,4,2,-18.935000000000002,27.83
B37 X MO17,-15.465000000000009,4,2,-42.47500000000002,5.354999999999997
B37 X OH43,-0.39375000000000604,4,2,-80.57,52.36499999999998
B73 X 3IIH6,7.563749999999992,4,2,-35.879999999999995,52.32499999999999
B73 X MO17,17.07875,4,3,-11.414999999999992,41.19999999999999
B73 X PHM49,8.362500000000004,4,3,-25.00499999999998,31.879999999999995
B73 X PHN82,13.389999999999997,4,3,-36.79499999999999,52.06999999999999
B73 X PHZ51,5.346249999999991,4,2,-6.2900000000000205,17.25
B84 X 3IIH6,-7.401249999999994,4,2,-46.13499999999998,34.15499999999997
F42 X MO17,9.385000000000005,4,3,-49.150000000000006,49.99000000000001
F42 X OH43,5.436250000000005,4,3,-19.075000000000003,28.745000000000005
HOEGEMEYER 7089 AMXT,7.561249999999994,4,2,-25.814999999999998,52.75999999999999
HOEGEMEYER 8065RR,8.598749999999992,4,3,-4.085000000000036,17.745000000000005
LH123HT X 3IIH6,6.7250000000000085,4,3,-38.040000000000006,40.515000000000015
LH123HT X PHB47,8.968750000000004,4,3,-44.44499999999999,36.265000000000015
LH145 X LH162,24.68875,4,3,-7.699999999999989,49.94999999999999
LH185 X LH145,-1.2049999999999947,4,3,-71.53999999999999,38.93000000000001
LH185 X LH82,-7.723749999999999,4,2,-51.33000000000001,25.769999999999996
LH185 X W606S,13.017499999999995,4,3,-50.530000000000015,46.249999999999986
LH195 X 3IIH6,15.473749999999995,4,4,3.019999999999982,39.485000000000014
LH195 X LH123HT,3.758749999999993,4,2,-39.535,50.56499999999997
LH195 X LH185,24.041250000000005,4,3,-45.920000000000016,95.50500000000002
LH195 X PHM49,-4.922499999999999,4,2,-51.894999999999996,24.459999999999994
LH195 X PHZ51,7.169999999999996,4,3,-36.315,36.489999999999995
LH198 X PHB47,6.062500000000002,4,3,-32.349999999999994,35.515000000000015
LH198 X PHZ51,21.363749999999982,4,4,0.7399999999999807,52.84499999999997
LH74 X PHM49,8.8425,4,3,-13.585000000000008,25.99000000000001
LH74 X PHN82,13.085000000000003,4,3,-25.224999999999994,51.42
LH82 X PHB47,1.2562499999999988,4,3,-31.849999999999994,25.564999999999998
LH82 X PHJ89,-11.456249999999994,4,3,-65.01000000000002,14.465000000000032
LH82 X W606S,-4.450000000000003,4,2,-40.91,19.849999999999994
N209 X 3IIH6,9.475000000000009,4,4,0.7600000000000193,21.70999999999998
PHB47 X 3IIH6,-11.447500000000005,4,2,-76.82,32.79999999999998
PHB47 X LH185,1.5825000000000067,4,1,-13.754999999999995,34.97500000000002
PHB47 X PHJ89,23.677499999999995,4,2,-40.55000000000001,102.19999999999999
PHB47 X PHK56,2.9575000000000014,4,3,-39.87500000000003,25.22
PHG39 X PHM49,11.781250000000004,4,3,-23.11500000000001,30.455
PHG39 X PHN82,21.175,4,2,-5.849999999999994,70.63999999999999
PHJ40 X LH82,9.747499999999992,4,2,-25.955,67.99999999999999
PHK56 X 3IIH6,-2.8312499999999856,4,2,-19.330000000000013,9.27
PHK56 X LH145,3.237499999999998,4,2,-41.60000000000001,41.96000000000001
PHK56 X LH185,22.2575,4,3,-2.090000000000032,36.55500000000001
PHK56 X LH198,23.363750000000003,4,3,-8.759999999999991,58.41999999999999
PHK56 X LH82,15.245000000000003,4,4,3.6049999999999898,27.544999999999987
PHK56 X PHJ89,14.809999999999995,4,4,3.9350000000000023,23.719999999999985
PHK56 X W606S,11.6125,4,3,-44.96000000000001,34.14500000000001
PHK76 X 3IIH6,13.864999999999991,4,3,-19.89500000000001,46.315
PHK76 X LH145,-5.587500000000006,4,2,-41.70000000000002,23.379999999999995
PHK76 X LH198,14.670000000000003,4,3,-19.680000000000007,39.795000000000016
PHK76 X LH82,0.5162499999999941,4,3,-42.69499999999999,27.794999999999995
PHK76 X W606S,11.916249999999998,4,3,-8.995000000000005,26.86500000000001
PHN46 X PHB47,9.30874999999999,4,3,-12.845000000000027,34.22
PHN46 X PHK56,-7.646250000000004,4,1,-15.310000000000002,12.655000000000001
PHN46 X W606S,19.8425,4,3,-5.954999999999984,43.995000000000005
PHP02 X LH145,6.743749999999999,4,3,-9.465000000000003,25.864999999999995
PHP02 X LH185,-12.064999999999998,4,2,-45.285,4.680000000000007
PHP02 X LH198,19.378750000000007,4,3,-12.58999999999999,37.370000000000005
PHP02 X LH82,6.962500000000009,4,3,-2.2749999999999915,22.209999999999994
PHP02 X PHB47,5.83875000000001,4,2,-25.894999999999982,49.34000000000002
PHP02 X PHG47,10.5475,4,3,-29.100000000000023,46.13000000000001
PHP02 X PHJ89,7.824999999999999,4,3,-35.940000000000026,32.875
PHP02 X PHK56,9.00500000000001,4,3,-46.18000000000001,35.35000000000002
PHP02 X PHK76,7.182500000000001,4,3,-22.55499999999998,31.609999999999985
PHP02 X PHN46,27.643749999999997,4,4,6.030000000000001,50.44
PHP02 X W606S,6.022500000000003,4,3,-60.925,47.965
PHT69 X 3IIH6,12.540000000000003,4,3,-34.465,58.515000000000015
PHW52 X LH185,31.431250000000013,4,3,-6.634999999999991,66.02000000000001
PHW52 X PHM49,18.341250000000002,4,3,-5.490000000000009,51.25
PHW52 X PHN82,1.9674999999999905,4,1,-31.209999999999994,67.0
PHW52 X PHZ51,-3.968749999999991,4,2,-34.8,29.26000000000002
PHZ51 X LH145,4.836250000000003,4,2,-15.02000000000001,24.475000000000023
PIONEER 1311 AMXT,11.3875,4,3,-44.95000000000002,40.86500000000001
PIONEER P0589 AMXT,25.742499999999993,4,4,0.3149999999999977,74.29499999999999
SYNGENTA NK0760-3111,21.14996428571428,4,2,-1.7571428571428527,47.382000000000005
WF9 X H95,-7.16749999999999,4,3,-61.410000000000004,12.015
