location,year,irrigationProvided,genotype,yield_mean_75,replicates_75,yield_mean_150,replicates_150,difference_150_minus_75
Ames,2022,0.0,2369 X 3IIH6,179.61,2,128.425,2,-51.185
Ames,2022,0.0,2369 X LH123HT,131.195,2,105.5,2,-25.694999999999993
Ames,2022,0.0,2369 X PHN82,119.83500000000001,2,124.78999999999999,2,4.954999999999984
Ames,2022,0.0,2369 X PHP02,151.29500000000002,2,116.91,2,-34.38500000000002
Ames,2022,0.0,2369 X PHZ51,122.88,2,110.525,2,-12.35499999999999
Ames,2022,0.0,2FACC X 3IIH6,160.675,2,139.16500000000002,2,-21.50999999999999
Ames,2022,0.0,4N506 X 3IIH6,168.76,2,141.94,2,-26.819999999999993
Ames,2022,0.0,B105 X 3IIH6,127.22999999999999,2,126.53,2,-0.6999999999999886
Ames,2022,0.0,B14A X MO17,157.57,2,157.08499999999998,2,-0.48500000000001364
Ames,2022,0.0,B37 X H95,85.17,2,66.235,2,-18.935000000000002
Ames,2022,0.0,B37 X MO17,139.32500000000002,2,96.85,2,-42.47500000000002
Ames,2022,0.0,B37 X OH43,126.5,2,45.93,2,-80.57
Ames,2022,0.0,B73 X 3IIH6,183.765,2,147.885,2,-35.879999999999995
Ames,2022,0.0,B73 X MO17,139.195,2,127.78,2,-11.414999999999992
Ames,2022,0.0,B73 X PHM49,134.45499999999998,2,109.45,2,-25.00499999999998
Ames,2022,0.0,B73 X PHN82,157.665,2,120.87,1,-36.79499999999999
Ames,2022,0.0,B73 X PHZ51,125.555,2,121.57,2,-3.9850000000000136
Ames,2022,0.0,B84 X 3IIH6,146.39999999999998,2,100.265,2,-46.13499999999998
Ames,2022,0.0,F42 X MO17,150.215,2,101.065,2,-49.150000000000006
Ames,2022,0.0,F42 X OH43,111.285,2,116.4,2,5.115000000000009
Ames,2022,0.0,HOEGEMEYER 7089 AMXT,136.03,2,150.305,2,14.275000000000006
Ames,2022,0.0,HOEGEMEYER 8065RR,154.89,2,172.635,2,17.745000000000005
Ames,2022,0.0,LH123HT X 3IIH6,158.0,2,119.96,1,-38.040000000000006
Ames,2022,0.0,LH123HT X PHB47,150.45,2,106.005,2,-44.44499999999999
Ames,2022,0.0,LH145 X LH162,144.20999999999998,2,136.51,2,-7.699999999999989
Ames,2022,0.0,LH185 X LH145,143.07,1,71.53,1,-71.53999999999999
Ames,2022,0.0,LH185 X LH82,179.4,2,128.07,2,-51.33000000000001
Ames,2022,0.0,LH185 X W606S,155.02,1,104.49,1,-50.530000000000015
Ames,2022,0.0,LH195 X 3IIH6,141.36,2,144.38,2,3.019999999999982
Ames,2022,0.0,LH195 X LH123HT,137.815,2,98.28,2,-39.535
Ames,2022,0.0,LH195 X LH185,163.67000000000002,2,117.75,2,-45.920000000000016
Ames,2022,0.0,LH195 X PHM49,116.955,2,65.06,2,-51.894999999999996
Ames,2022,0.0,LH195 X PHZ51,140.375,2,104.06,2,-36.315
Ames,2022,0.0,LH198 X PHB47,136.535,2,104.185,2,-32.349999999999994
Ames,2022,0.0,LH198 X PHZ51,95.55000000000001,2,148.39499999999998,2,52.84499999999997
Ames,2022,0.0,LH74 X PHM49,140.595,2,127.00999999999999,2,-13.585000000000008
Ames,2022,0.0,LH74 X PHN82,151.785,2,126.56,2,-25.224999999999994
Ames,2022,0.0,LH82 X PHB47,152.435,2,120.58500000000001,2,-31.849999999999994
Ames,2022,0.0,LH82 X PHJ89,177.35000000000002,2,112.34,2,-65.01000000000002
Ames,2022,0.0,LH82 X W606S,159.945,2,119.035,2,-40.91
Ames,2022,0.0,N209 X 3IIH6,139.02499999999998,2,146.175,2,7.150000000000034
Ames,2022,0.0,PHB47 X 3IIH6,169.475,2,92.655,2,-76.82
Ames,2022,0.0,PHB47 X LH185,153.675,2,139.92000000000002,2,-13.754999999999995
Ames,2022,0.0,PHB47 X PHJ89,131.61,1,91.06,1,-40.55000000000001
Ames,2022,0.0,PHB47 X PHK56,178.52,2,138.64499999999998,2,-39.87500000000003
Ames,2022,0.0,PHG39 X PHM49,144.77,2,121.655,2,-23.11500000000001
Ames,2022,0.0,PHG39 X PHN82,189.48,1,188.35,1,-1.1299999999999955
Ames,2022,0.0,PHJ40 X LH82,137.655,2,111.7,2,-25.955
Ames,2022,0.0,PHK56 X 3IIH6,156.60500000000002,2,137.275,2,-19.330000000000013
Ames,2022,0.0,PHK56 X LH145,132.96,1,91.36,1,-41.60000000000001
Ames,2022,0.0,PHK56 X LH185,152.99,2,150.89999999999998,2,-2.090000000000032
Ames,2022,0.0,PHK56 X LH198,155.83499999999998,2,147.075,2,-8.759999999999991
Ames,2022,0.0,PHK56 X LH82,162.625,2,166.23,2,3.6049999999999898
Ames,2022,0.0,PHK56 X PHJ89,155.35000000000002,2,159.28500000000003,2,3.9350000000000023
Ames,2022,0.0,PHK56 X W606S,174.805,2,129.845,2,-44.96000000000001
Ames,2022,0.0,PHK76 X 3IIH6,152.10500000000002,2,132.21,2,-19.89500000000001
Ames,2022,0.0,PHK76 X LH145,107.305,2,65.60499999999999,2,-41.70000000000002
Ames,2022,0.0,PHK76 X LH198,144.125,2,124.445,2,-19.680000000000007
Ames,2022,0.0,PHK76 X LH82,160.22,2,117.525,2,-42.69499999999999
Ames,2022,0.0,PHK76 X W606S,122.505,2,113.50999999999999,2,-8.995000000000005
Ames,2022,0.0,PHN46 X PHB47,153.91500000000002,2,141.07,2,-12.845000000000027
Ames,2022,0.0,PHN46 X PHK56,153.31,2,138.0,2,-15.310000000000002
Ames,2022,0.0,PHN46 X W606S,159.58999999999997,2,153.635,2,-5.954999999999984
Ames,2022,0.0,PHP02 X LH145,97.635,2,88.17,2,-9.465000000000003
Ames,2022,0.0,PHP02 X LH185,157.995,2,112.71000000000001,2,-45.285
Ames,2022,0.0,PHP02 X LH198,139.075,2,126.485,2,-12.58999999999999
Ames,2022,0.0,PHP02 X LH82,126.77499999999999,2,124.5,2,-2.2749999999999915
Ames,2022,0.0,PHP02 X PHB47,119.125,2,108.105,2,-11.019999999999996
Ames,2022,0.0,PHP02 X PHG47,157.18,2,128.07999999999998,2,-29.100000000000023
Ames,2022,0.0,PHP02 X PHJ89,150.54000000000002,2,114.6,2,-35.940000000000026
Ames,2022,0.0,PHP02 X PHK56,180.54500000000002,2,134.365,2,-46.18000000000001
Ames,2022,0.0,PHP02 X PHK76,159.14999999999998,2,136.595,2,-22.55499999999998
Ames,2022,0.0,PHP02 X PHN46,121.755,2,135.655,2,13.900000000000006
Ames,2022,0.0,PHP02 X W606S,160.815,2,99.89,2,-60.925
Ames,2022,0.0,PHT69 X 3IIH6,157.815,2,123.35,2,-34.465
Ames,2022,0.0,PHW52 X LH185,109.905,2,103.27000000000001,2,-6.634999999999991
Ames,2022,0.0,PHW52 X PHM49,109.12,2,160.37,2,51.25
Ames,2022,0.0,PHW52 X PHN82,182.215,2,155.20999999999998,2,-27.005000000000024
Ames,2022,0.0,PHW52 X PHZ51,130.38,2,95.58,2,-34.8
Ames,2022,0.0,PHZ51 X LH145,103.12,2,100.745,2,-2.375
Ames,2022,0.0,PIONEER 1311 AMXT,181.73000000000002,2,136.78,2,-44.95000000000002
Ames,2022,0.0,PIONEER P0589 AMXT,158.41500000000002,2,161.79000000000002,2,3.375
Ames,2022,0.0,SYNGENTA NK0760-3111,159.25,2,157.82,2,-1.4300000000000068
Ames,2022,0.0,WF9 X H95,101.015,2,39.605,2,-61.410000000000004
Crawfordsville,2022,0.0,2369 X 3IIH6,147.25,2,197.155,2,49.905
Crawfordsville,2022,0.0,2369 X LH123HT,172.18,2,161.325,2,-10.855000000000018
Crawfordsville,2022,0.0,2369 X PHN82,172.74,2,174.69,2,1.9499999999999886
Crawfordsville,2022,0.0,2369 X PHP02,141.315,2,166.565,2,25.25
Crawfordsville,2022,0.0,2369 X PHZ51,126.35,2,149.835,2,23.485000000000014
Crawfordsville,2022,0.0,2FACC X 3IIH6,174.70499999999998,2,169.79500000000002,2,-4.909999999999968
Crawfordsville,2022,0.0,4N506 X 3IIH6,143.62,2,155.845,2,12.224999999999994
Crawfordsville,2022,0.0,B105 X 3IIH6,144.575,2,159.425,2,14.850000000000023
Crawfordsville,2022,0.0,B14A X MO17,178.285,2,193.39,2,15.10499999999999
Crawfordsville,2022,0.0,B37 X H95,126.61,2,124.82,2,-1.7900000000000063
Crawfordsville,2022,0.0,B37 X MO17,170.11,2,144.525,2,-25.585000000000008
Crawfordsville,2022,0.0,B37 X OH43,122.83,2,154.105,2,31.27499999999999
Crawfordsville,2022,0.0,B73 X 3IIH6,177.65,2,168.51999999999998,2,-9.130000000000024
Crawfordsville,2022,0.0,B73 X MO17,179.025,2,184.685,2,5.659999999999997
Crawfordsville,2022,0.0,B73 X PHM49,185.995,2,217.875,2,31.879999999999995
Crawfordsville,2022,0.0,B73 X PHN82,185.42000000000002,2,210.225,2,24.80499999999998
Crawfordsville,2022,0.0,B73 X PHZ51,162.31,2,156.01999999999998,2,-6.2900000000000205
Crawfordsville,2022,0.0,B84 X 3IIH6,141.93,2,176.08499999999998,2,34.15499999999997
Crawfordsville,2022,0.0,F42 X MO17,155.76,2,205.75,2,49.99000000000001
Crawfordsville,2022,0.0,F42 X OH43,159.885,2,166.845,2,6.960000000000008
Crawfordsville,2022,0.0,HOEGEMEYER 7089 AMXT,219.37,2,208.39499999999998,2,-10.975000000000023
Crawfordsville,2022,0.0,HOEGEMEYER 8065RR,221.29000000000002,2,217.20499999999998,2,-4.085000000000036
Crawfordsville,2022,0.0,LH123HT X 3IIH6,170.45499999999998,2,182.115,2,11.660000000000025
Crawfordsville,2022,0.0,LH123HT X PHB47,139.24,2,174.335,2,35.095
Crawfordsville,2022,0.0,LH145 X LH162,162.845,2,212.795,2,49.94999999999999
Crawfordsville,2022,0.0,LH185 X LH145,128.72,1,142.16,1,13.439999999999998
Crawfordsville,2022,0.0,LH185 X LH82,174.625,2,176.93,2,2.305000000000007
Crawfordsville,2022,0.0,LH185 X W606S,155.78,1,174.96,1,19.180000000000007
Crawfordsville,2022,0.0,LH195 X 3IIH6,158.87,2,165.39499999999998,2,6.524999999999977
Crawfordsville,2022,0.0,LH195 X LH123HT,152.28500000000003,2,202.85,2,50.56499999999997
Crawfordsville,2022,0.0,LH195 X LH185,167.98,2,205.495,2,37.515000000000015
Crawfordsville,2022,0.0,LH195 X PHM49,78.555,2,103.015,2,24.459999999999994
Crawfordsville,2022,0.0,LH195 X PHZ51,152.805,2,169.07,2,16.264999999999986
Crawfordsville,2022,0.0,LH198 X PHB47,155.92000000000002,2,156.025,2,0.10499999999998977
Crawfordsville,2022,0.0,LH198 X PHZ51,135.60500000000002,2,157.635,2,22.029999999999973
Crawfordsville,2022,0.0,LH74 X PHM49,158.79,1,178.195,2,19.405
Crawfordsville,2022,0.0,LH74 X PHN82,157.875,2,168.97,2,11.094999999999999
Crawfordsville,2022,0.0,LH82 X PHB47,124.255,2,149.82,2,25.564999999999998
Crawfordsville,2022,0.0,LH82 X PHJ89,167.39,2,181.85500000000002,2,14.465000000000032
Crawfordsville,2022,0.0,LH82 X W606S,157.82,2,169.225,2,11.405000000000001
Crawfordsville,2022,0.0,N209 X 3IIH6,181.82999999999998,2,182.59,2,0.7600000000000193
Crawfordsville,2022,0.0,PHB47 X 3IIH6,168.925,2,160.75,2,-8.175000000000011
Crawfordsville,2022,0.0,PHB47 X LH185,134.385,2,169.36,2,34.97500000000002
Crawfordsville,2022,0.0,PHB47 X PHJ89,171.94,1,161.14,1,-10.800000000000011
Crawfordsville,2022,0.0,PHB47 X PHK56,163.105,2,179.67000000000002,2,16.565000000000026
Crawfordsville,2022,0.0,PHG39 X PHM49,162.20999999999998,2,180.37,2,18.160000000000025
Crawfordsville,2022,0.0,PHG39 X PHN82,166.45,1,160.6,1,-5.849999999999994
Crawfordsville,2022,0.0,PHJ40 X LH82,164.56,2,165.82,2,1.259999999999991
Crawfordsville,2022,0.0,PHK56 X 3IIH6,162.95,2,158.97500000000002,2,-3.974999999999966
Crawfordsville,2022,0.0,PHK56 X LH145,140.66,1,165.76,1,25.099999999999994
Crawfordsville,2022,0.0,PHK56 X LH185,152.445,2,189.0,2,36.55500000000001
Crawfordsville,2022,0.0,PHK56 X LH198,161.45499999999998,2,193.0,2,31.545000000000016
Crawfordsville,2022,0.0,PHK56 X LH82,152.07999999999998,2,166.79500000000002,2,14.715000000000032
Crawfordsville,2022,0.0,PHK56 X PHJ89,170.49,2,187.375,2,16.88499999999999
Crawfordsville,2022,0.0,PHK56 X W606S,150.995,2,184.12,2,33.125
Crawfordsville,2022,0.0,PHK76 X 3IIH6,147.37,2,149.70999999999998,2,2.339999999999975
Crawfordsville,2022,0.0,PHK76 X LH145,128.285,2,133.45,2,5.164999999999992
Crawfordsville,2022,0.0,PHK76 X LH198,140.445,2,180.24,2,39.795000000000016
Crawfordsville,2022,0.0,PHK76 X LH82,157.815,2,163.135,2,5.319999999999993
Crawfordsville,2022,0.0,PHK76 X W606S,141.10500000000002,2,156.25,2,15.144999999999982
Crawfordsville,2022,0.0,PHN46 X PHB47,170.485,2,181.0,2,10.514999999999986
Crawfordsville,2022,0.0,PHN46 X PHK56,182.78,2,195.435,2,12.655000000000001
Crawfordsville,2022,0.0,PHN46 X W606S,157.47500000000002,2,172.095,2,14.619999999999976
Crawfordsville,2022,0.0,PHP02 X LH145,143.07,2,149.59,2,6.52000000000001
Crawfordsville,2022,0.0,PHP02 X LH185,163.95,2,164.67,2,0.7199999999999989
Crawfordsville,2022,0.0,PHP02 X LH198,166.04,2,184.43,2,18.390000000000015
Crawfordsville,2022,0.0,PHP02 X LH82,145.635,2,147.465,2,1.8300000000000125
Crawfordsville,2022,0.0,PHP02 X PHB47,180.79,2,154.895,2,-25.894999999999982
Crawfordsville,2022,0.0,PHP02 X PHG47,126.55499999999999,2,172.685,2,46.13000000000001
Crawfordsville,2022,0.0,PHP02 X PHJ89,151.0,2,183.875,2,32.875
Crawfordsville,2022,0.0,PHP02 X PHK56,165.95999999999998,2,182.535,2,16.575000000000017
Crawfordsville,2022,0.0,PHP02 X PHK76,152.745,2,158.155,2,5.409999999999997
Crawfordsville,2022,0.0,PHP02 X PHN46,144.31,2,184.515,2,40.204999999999984
Crawfordsville,2022,0.0,PHP02 X W606S,158.32,2,188.655,2,30.335000000000008
Crawfordsville,2022,0.0,PHT69 X 3IIH6,168.505,2,174.595,2,6.090000000000003
Crawfordsville,2022,0.0,PHW52 X LH185,181.015,2,194.675,2,13.660000000000025
Crawfordsville,2022,0.0,PHW52 X PHM49,161.51,2,182.36,2,20.850000000000023
Crawfordsville,2022,0.0,PHW52 X PHN82,180.8,2,179.885,2,-0.9150000000000205
Crawfordsville,2022,0.0,PHW52 X PHZ51,166.965,2,172.425,2,5.460000000000008
Crawfordsville,2022,0.0,PHZ51 X LH145,124.13,2,148.60500000000002,2,24.475000000000023
Crawfordsville,2022,0.0,PIONEER 1311 AMXT,196.94,2,237.805,2,40.86500000000001
Crawfordsville,2022,0.0,PIONEER P0589 AMXT,191.23000000000002,2,216.215,2,24.984999999999985
Crawfordsville,2022,0.0,SYNGENTA NK0760-3111,178.995,2,219.39999999999998,2,40.40499999999997
Crawfordsville,2022,0.0,WF9 X H95,130.515,2,141.59500000000003,2,11.080000000000041
Lincoln,2022,0.0,2369 X 3IIH6,24.71,2,54.53,2,29.82
Lincoln,2022,0.0,2369 X LH123HT,6.355,2,14.785,2,8.43
Lincoln,2022,0.0,2369 X PHN82,71.765,2,56.685,2,-15.079999999999998
Lincoln,2022,0.0,2369 X PHP02,42.825,2,49.445,2,6.619999999999997
Lincoln,2022,0.0,2369 X PHZ51,44.955,2,83.58500000000001,2,38.63000000000001
Lincoln,2022,0.0,2FACC X 3IIH6,66.43,2,20.814999999999998,2,-45.61500000000001
Lincoln,2022,0.0,4N506 X 3IIH6,15.555,2,41.79,2,26.235
Lincoln,2022,0.0,B105 X 3IIH6,21.865000000000002,2,40.1,2,18.235
Lincoln,2022,0.0,B14A X MO17,42.065,2,59.39,2,17.325000000000003
Lincoln,2022,0.0,B37 X H95,19.845,2,25.04,2,5.195
Lincoln,2022,0.0,B37 X MO17,30.29,2,35.644999999999996,2,5.354999999999997
Lincoln,2022,0.0,B37 X OH43,38.965,2,34.32,2,-4.645000000000003
Lincoln,2022,0.0,B73 X 3IIH6,7.135,2,30.075,2,22.939999999999998
Lincoln,2022,0.0,B73 X MO17,26.16,2,59.03,2,32.870000000000005
Lincoln,2022,0.0,B73 X PHM49,20.925,2,30.21,2,9.285
Lincoln,2022,0.0,B73 X PHN82,31.044999999999998,2,44.525,2,13.48
Lincoln,2022,0.0,B73 X PHZ51,36.19,2,53.44,2,17.25
Lincoln,2022,0.0,B84 X 3IIH6,49.015,2,26.58,2,-22.435000000000002
Lincoln,2022,0.0,F42 X MO17,40.61,2,48.545,2,7.935000000000002
Lincoln,2022,0.0,F42 X OH43,68.625,2,49.55,2,-19.075000000000003
Lincoln,2022,0.0,HOEGEMEYER 7089 AMXT,120.595,2,94.78,2,-25.814999999999998
Lincoln,2022,0.0,HOEGEMEYER 8065RR,80.485,2,89.465,2,8.980000000000004
Lincoln,2022,0.0,LH123HT X 3IIH6,4.395,2,17.16,2,12.765
Lincoln,2022,0.0,LH123HT X PHB47,7.105,2,16.064999999999998,2,8.959999999999997
Lincoln,2022,0.0,LH145 X LH162,27.82,2,60.18,2,32.36
Lincoln,2022,0.0,LH185 X LH145,66.1,1,80.45,1,14.350000000000009
Lincoln,2022,0.0,LH185 X LH82,42.22,2,67.99,2,25.769999999999996
Lincoln,2022,0.0,LH185 X W606S,22.0,1,59.17,1,37.17
Lincoln,2022,0.0,LH195 X 3IIH6,21.63,2,34.495000000000005,2,12.865000000000006
Lincoln,2022,0.0,LH195 X LH123HT,6.985,2,11.8,2,4.815
Lincoln,2022,0.0,LH195 X LH185,51.69,2,60.754999999999995,2,9.064999999999998
Lincoln,2022,0.0,LH195 X PHM49,37.135,2,33.27,2,-3.864999999999995
Lincoln,2022,0.0,LH195 X PHZ51,45.43,2,57.67,2,12.240000000000002
Lincoln,2022,0.0,LH198 X PHB47,32.105000000000004,2,53.085,2,20.979999999999997
Lincoln,2022,0.0,LH198 X PHZ51,45.754999999999995,2,55.595,2,9.840000000000003
Lincoln,2022,0.0,LH74 X PHM49,32.71,2,36.269999999999996,2,3.559999999999995
Lincoln,2022,0.0,LH74 X PHN82,43.305,2,58.355000000000004,2,15.050000000000004
Lincoln,2022,0.0,LH82 X PHB47,23.88,2,32.555,2,8.675
Lincoln,2022,0.0,LH82 X PHJ89,61.92,2,66.37,2,4.450000000000003
Lincoln,2022,0.0,LH82 X W606S,81.215,2,73.07,2,-8.14500000000001
Lincoln,2022,0.0,N209 X 3IIH6,54.82,2,63.1,2,8.280000000000001
Lincoln,2022,0.0,PHB47 X 3IIH6,11.375,2,17.78,2,6.405000000000001
Lincoln,2022,0.0,PHB47 X LH185,47.09,2,36.235,2,-10.855000000000004
Lincoln,2022,0.0,PHB47 X PHJ89,23.68,1,67.54,1,43.86000000000001
Lincoln,2022,0.0,PHB47 X PHK56,52.349999999999994,2,62.27,2,9.920000000000009
Lincoln,2022,0.0,PHG39 X PHM49,38.894999999999996,2,69.35,2,30.455
Lincoln,2022,0.0,PHG39 X PHN82,60.89,1,81.93,1,21.040000000000006
Lincoln,2022,0.0,PHJ40 X LH82,82.33500000000001,2,78.02,2,-4.315000000000012
Lincoln,2022,0.0,PHK56 X 3IIH6,22.8,2,32.07,2,9.27
Lincoln,2022,0.0,PHK56 X LH145,31.14,1,18.63,1,-12.510000000000002
Lincoln,2022,0.0,PHK56 X LH185,17.025,2,42.260000000000005,2,25.235000000000007
Lincoln,2022,0.0,PHK56 X LH198,54.099999999999994,2,66.35,2,12.25
Lincoln,2022,0.0,PHK56 X LH82,56.43,2,71.545,2,15.115000000000002
Lincoln,2022,0.0,PHK56 X PHJ89,24.625,2,39.325,2,14.700000000000003
Lincoln,2022,0.0,PHK56 X W606S,26.58,2,50.72,2,24.14
Lincoln,2022,0.0,PHK76 X 3IIH6,18.625,2,45.325,2,26.700000000000003
Lincoln,2022,0.0,PHK76 X LH145,65.145,2,55.95,2,-9.194999999999993
Lincoln,2022,0.0,PHK76 X LH198,40.550000000000004,2,56.065,2,15.514999999999993
Lincoln,2022,0.0,PHK76 X LH82,36.714999999999996,2,64.50999999999999,2,27.794999999999995
Lincoln,2022,0.0,PHK76 X W606S,49.995000000000005,2,64.64500000000001,2,14.650000000000006
Lincoln,2022,0.0,PHN46 X PHB47,36.92,2,42.265,2,5.344999999999999
Lincoln,2022,0.0,PHN46 X PHK56,43.575,2,30.494999999999997,2,-13.080000000000005
Lincoln,2022,0.0,PHN46 X W606S,26.035,2,70.03,2,43.995000000000005
Lincoln,2022,0.0,PHP02 X LH145,45.84,2,49.894999999999996,2,4.054999999999993
Lincoln,2022,0.0,PHP02 X LH185,46.915,2,38.54,2,-8.375
Lincoln,2022,0.0,PHP02 X LH198,25.12,2,59.465,2,34.345
Lincoln,2022,0.0,PHP02 X LH82,35.795,2,58.004999999999995,2,22.209999999999994
Lincoln,2022,0.0,PHP02 X PHB47,22.630000000000003,2,33.56,2,10.93
Lincoln,2022,0.0,PHP02 X PHG47,47.97,2,60.355000000000004,2,12.385000000000005
Lincoln,2022,0.0,PHP02 X PHJ89,49.785,2,66.29,2,16.50500000000001
Lincoln,2022,0.0,PHP02 X PHK56,35.394999999999996,2,65.67,2,30.275000000000006
Lincoln,2022,0.0,PHP02 X PHK76,42.825,2,57.09,2,14.265
Lincoln,2022,0.0,PHP02 X PHN46,46.345,2,52.375,2,6.030000000000001
Lincoln,2022,0.0,PHP02 X W606S,47.575,2,54.29,2,6.714999999999996
Lincoln,2022,0.0,PHT69 X 3IIH6,42.045,2,62.065,2,20.019999999999996
Lincoln,2022,0.0,PHW52 X LH185,31.28,2,97.30000000000001,2,66.02000000000001
Lincoln,2022,0.0,PHW52 X PHM49,61.435,2,68.19,2,6.7549999999999955
Lincoln,2022,0.0,PHW52 X PHN82,97.91499999999999,2,66.705,2,-31.209999999999994
Lincoln,2022,0.0,PHW52 X PHZ51,63.309999999999995,2,47.515,2,-15.794999999999995
Lincoln,2022,0.0,PHZ51 X LH145,47.845,2,60.11,2,12.265
Lincoln,2022,0.0,PIONEER 1311 AMXT,41.004999999999995,2,77.33500000000001,2,36.33000000000001
Lincoln,2022,0.0,PIONEER P0589 AMXT,102.53,2,102.845,2,0.3149999999999977
Lincoln,2022,0.0,SYNGENTA NK0760-3111,79.17714285714285,7,77.42,7,-1.7571428571428527
Lincoln,2022,0.0,WF9 X H95,22.47,2,32.115,2,9.645000000000003
Scottsbluff,2022,16.9,2369 X 3IIH6,141.475,2,135.15,2,-6.324999999999989
Scottsbluff,2022,16.9,2369 X LH123HT,112.905,2,154.54000000000002,2,41.63500000000002
Scottsbluff,2022,16.9,2369 X PHN82,128.86,2,156.765,2,27.904999999999973
Scottsbluff,2022,16.9,2369 X PHP02,138.88,2,150.595,2,11.715000000000003
Scottsbluff,2022,16.9,2369 X PHZ51,130.02,2,140.56,1,10.539999999999992
Scottsbluff,2022,16.9,2FACC X 3IIH6,115.64500000000001,2,176.285,2,60.639999999999986
Scottsbluff,2022,16.9,4N506 X 3IIH6,119.02000000000001,2,131.79000000000002,2,12.77000000000001
Scottsbluff,2022,16.9,B105 X 3IIH6,121.075,2,121.76,2,0.6850000000000023
Scottsbluff,2022,16.9,B14A X MO17,115.595,2,143.70499999999998,2,28.109999999999985
Scottsbluff,2022,16.9,B37 X H95,86.98,1,114.81,2,27.83
Scottsbluff,2022,16.9,B37 X MO17,116.595,2,117.44,2,0.8449999999999989
Scottsbluff,2022,16.9,B37 X OH43,79.92500000000001,2,132.29,2,52.36499999999998
Scottsbluff,2022,16.9,B73 X 3IIH6,115.42500000000001,2,167.75,2,52.32499999999999
Scottsbluff,2022,16.9,B73 X MO17,97.94,1,139.14,1,41.19999999999999
Scottsbluff,2022,16.9,B73 X PHM49,117.455,2,134.745,2,17.290000000000006
Scottsbluff,2022,16.9,B73 X PHN82,136.42000000000002,2,188.49,2,52.06999999999999
Scottsbluff,2022,16.9,B73 X PHZ51,104.72999999999999,2,119.13999999999999,2,14.409999999999997
Scottsbluff,2022,16.9,B84 X 3IIH6,145.045,2,149.85500000000002,2,4.810000000000031
Scottsbluff,2022,16.9,F42 X MO17,118.16,1,146.925,2,28.765000000000015
Scottsbluff,2022,16.9,F42 X OH43,117.035,2,145.78,2,28.745000000000005
Scottsbluff,2022,16.9,HOEGEMEYER 7089 AMXT,109.0,2,161.76,2,52.75999999999999
Scottsbluff,2022,16.9,HOEGEMEYER 8065RR,158.115,2,169.87,2,11.754999999999995
Scottsbluff,2022,16.9,LH123HT X 3IIH6,113.28,2,153.79500000000002,2,40.515000000000015
Scottsbluff,2022,16.9,LH123HT X PHB47,125.03999999999999,2,161.305,2,36.265000000000015
Scottsbluff,2022,16.9,LH145 X LH162,94.995,2,119.14,2,24.144999999999996
Scottsbluff,2022,16.9,LH185 X LH145,109.0,1,147.93,1,38.93000000000001
Scottsbluff,2022,16.9,LH185 X LH82,137.76,1,130.12,2,-7.639999999999986
Scottsbluff,2022,16.9,LH185 X W606S,123.79,1,170.04,1,46.249999999999986
Scottsbluff,2022,16.9,LH195 X 3IIH6,105.94,2,145.425,2,39.485000000000014
Scottsbluff,2022,16.9,LH195 X LH123HT,131.99,2,131.18,2,-0.8100000000000023
Scottsbluff,2022,16.9,LH195 X LH185,87.6,2,183.10500000000002,2,95.50500000000002
Scottsbluff,2022,16.9,LH195 X PHM49,112.69,2,124.3,2,11.61
Scottsbluff,2022,16.9,LH195 X PHZ51,106.325,2,142.815,2,36.489999999999995
Scottsbluff,2022,16.9,LH198 X PHB47,105.84,2,141.35500000000002,2,35.515000000000015
Scottsbluff,2022,16.9,LH198 X PHZ51,132.67000000000002,2,133.41,2,0.7399999999999807
Scottsbluff,2022,16.9,LH74 X PHM49,125.975,2,151.965,2,25.99000000000001
Scottsbluff,2022,16.9,LH74 X PHN82,77.585,2,129.005,2,51.42
Scottsbluff,2022,16.9,LH82 X PHB47,140.24,2,142.875,2,2.634999999999991
Scottsbluff,2022,16.9,LH82 X PHJ89,133.945,2,134.215,2,0.27000000000001023
Scottsbluff,2022,16.9,LH82 X W606S,129.495,2,149.345,2,19.849999999999994
Scottsbluff,2022,16.9,N209 X 3IIH6,135.625,2,157.33499999999998,2,21.70999999999998
Scottsbluff,2022,16.9,PHB47 X 3IIH6,126.84,2,159.64,2,32.79999999999998
Scottsbluff,2022,16.9,PHB47 X LH185,149.15,2,145.115,2,-4.034999999999997
Scottsbluff,2022,16.9,PHB47 X PHJ89,68.0,1,170.2,1,102.19999999999999
Scottsbluff,2022,16.9,PHB47 X PHK56,138.78,2,164.0,2,25.22
Scottsbluff,2022,16.9,PHG39 X PHM49,108.6,2,130.225,2,21.625
Scottsbluff,2022,16.9,PHG39 X PHN82,70.78,1,141.42,1,70.63999999999999
Scottsbluff,2022,16.9,PHJ40 X LH82,86.135,2,154.135,2,67.99999999999999
Scottsbluff,2022,16.9,PHK56 X 3IIH6,137.51999999999998,2,140.23000000000002,2,2.7100000000000364
Scottsbluff,2022,16.9,PHK56 X LH145,96.57,1,138.53,1,41.96000000000001
Scottsbluff,2022,16.9,PHK56 X LH185,138.575,2,167.905,2,29.330000000000013
Scottsbluff,2022,16.9,PHK56 X LH198,130.79,2,189.20999999999998,2,58.41999999999999
Scottsbluff,2022,16.9,PHK56 X LH82,130.83,2,158.375,2,27.544999999999987
Scottsbluff,2022,16.9,PHK56 X PHJ89,125.635,2,149.355,2,23.719999999999985
Scottsbluff,2022,16.9,PHK56 X W606S,126.275,2,160.42000000000002,2,34.14500000000001
Scottsbluff,2022,16.9,PHK76 X 3IIH6,98.685,2,145.0,2,46.315
Scottsbluff,2022,16.9,PHK76 X LH145,107.94,2,131.32,2,23.379999999999995
Scottsbluff,2022,16.9,PHK76 X LH198,127.30000000000001,2,150.35000000000002,2,23.05000000000001
Scottsbluff,2022,16.9,PHK76 X LH82,130.11,1,141.755,2,11.644999999999982
Scottsbluff,2022,16.9,PHK76 X W606S,113.50999999999999,2,140.375,2,26.86500000000001
Scottsbluff,2022,16.9,PHN46 X PHB47,124.06,2,158.28,2,34.22
Scottsbluff,2022,16.9,PHN46 X PHK56,126.105,2,111.255,2,-14.850000000000009
Scottsbluff,2022,16.9,PHN46 X W606S,107.70500000000001,2,134.41500000000002,2,26.710000000000008
Scottsbluff,2022,16.9,PHP02 X LH145,113.36,2,139.225,2,25.864999999999995
Scottsbluff,2022,16.9,PHP02 X LH185,115.69,2,120.37,2,4.680000000000007
Scottsbluff,2022,16.9,PHP02 X LH198,124.06,2,161.43,2,37.370000000000005
Scottsbluff,2022,16.9,PHP02 X LH82,111.48499999999999,2,117.57000000000001,2,6.085000000000022
Scottsbluff,2022,16.9,PHP02 X PHB47,88.895,2,138.235,2,49.34000000000002
Scottsbluff,2022,16.9,PHP02 X PHG47,138.16,2,150.935,2,12.775000000000006
Scottsbluff,2022,16.9,PHP02 X PHJ89,149.89499999999998,2,167.755,2,17.860000000000014
Scottsbluff,2022,16.9,PHP02 X PHK56,122.31,2,157.66000000000003,2,35.35000000000002
Scottsbluff,2022,16.9,PHP02 X PHK76,125.965,2,157.575,2,31.609999999999985
Scottsbluff,2022,16.9,PHP02 X PHN46,113.50999999999999,2,163.95,2,50.44
Scottsbluff,2022,16.9,PHP02 X W606S,128.725,2,176.69,2,47.965
Scottsbluff,2022,16.9,PHT69 X 3IIH6,100.41,2,158.925,2,58.515000000000015
Scottsbluff,2022,16.9,PHW52 X LH185,110.505,2,163.185,2,52.68000000000001
Scottsbluff,2022,16.9,PHW52 X PHM49,135.65,1,130.16,2,-5.490000000000009
Scottsbluff,2022,16.9,PHW52 X PHN82,101.78999999999999,2,168.79,2,67.0
Scottsbluff,2022,16.9,PHW52 X PHZ51,109.535,2,138.79500000000002,2,29.26000000000002
Scottsbluff,2022,16.9,PHZ51 X LH145,111.43,2,96.41,2,-15.02000000000001
Scottsbluff,2022,16.9,PIONEER 1311 AMXT,116.58,2,129.885,2,13.304999999999993
Scottsbluff,2022,16.9,PIONEER P0589 AMXT,105.495,2,179.79,2,74.29499999999999
Scottsbluff,2022,16.9,SYNGENTA NK0760-3111,147.308,10,194.69,10,47.382000000000005
Scottsbluff,2022,16.9,WF9 X H95,97.94,1,109.955,2,12.015
