genotype,average_percentile,worst_site_percentile,between_site_sd,sites_above_median,sites,site_years,yield_advantage,replicates,min_cell_replicates,rank,qualifies,shortlisted
HOEGEMEYER 8065RR,93.39896170046038,84.33734939759036,5.38813733322598,5,5,5,38.64416747306687,25,1,1,True,True
SYNGENTA NK0760-3111,87.5423645802723,74.6987951807229,7.335460209417868,5,5,5,29.451182287881675,64,2,2,True,True
HOEGEMEYER 7089 AMXT,86.54226662748556,67.65109217357234,14.292435550166402,5,5,5,37.913500806400194,26,2,3,True,True
PIONEER P0589 AMXT,84.97894015084731,67.46987951807229,13.21040250424454,5,5,5,33.14783413973354,26,2,4,True,True
PHW52 X PHN82,81.74453913213831,58.92349887354296,12.905276346743516,5,5,5,22.09483413973353,26,2,5,True,True
PIONEER 1311 AMXT,81.0412381232246,52.59574884905476,17.12179801062181,5,5,5,27.724500806400197,26,2,6,True,False
PHK56 X LH82,76.89489665980997,52.610441767068274,16.681307703558016,5,5,5,16.358834139733528,26,2,7,True,False
N209 X 3IIH6,75.48437653051228,59.839357429718866,11.820607566819389,5,5,5,15.914834139733532,26,2,8,True,False
B73 X PHN82,73.46654912332255,52.208835341365464,15.423345334941793,5,5,5,15.45583413973353,25,1,9,True,False
PHG39 X PHN82,72.89450484866293,31.94240376138701,26.68283347467596,4,5,5,19.038167473066864,13,1,10,True,False
LH185 X LH82,71.61622098148692,54.86825350181213,10.451982608281693,5,5,5,12.638167473066865,24,1,11,True,False
PHK56 X LH198,70.3594867273974,61.04417670682731,11.016500447621313,5,5,5,14.392167473066863,26,2,12,True,False
PHP02 X PHK56,70.07542364580272,59.036144578313255,8.300901404203596,5,5,5,12.819834139733535,26,2,13,True,False
PHB47 X PHK56,67.84503869135077,59.437751004016064,7.3345079269323685,5,5,5,10.422834139733535,26,2,14,True,False
PHP02 X W606S,66.49231070623959,59.83935742971888,8.29639495325357,5,5,5,9.185834139733533,26,2,15,True,False
LH82 X PHJ89,65.5784112057988,50.38201586835146,14.893578177893044,5,5,5,9.538500806400204,26,2,16,True,False
PHW52 X PHM49,65.17190714075817,46.34146341463415,10.460414007907824,4,5,5,8.458167473066862,25,1,17,True,False
PHK56 X W606S,64.77225977079047,44.17670682730924,15.800350591606584,4,5,5,9.468834139733536,25,1,18,True,False
PHK56 X LH185,64.33734939759037,27.710843373493976,20.6527251443047,4,5,5,9.191984523809515,24,2,19,True,False
PHP02 X PHG47,62.853364678225105,40.562248995983936,13.114141948522258,4,5,5,6.687834139733534,25,1,20,True,False
LH195 X LH185,62.00999118424919,35.35116074052307,17.56995887393936,3,5,5,3.7318341397335333,25,1,21,False,False
PHW52 X LH185,61.81800372220589,32.5301204819277,16.263781731353216,4,5,5,6.768167473066866,26,2,22,True,False
PHK56 X PHJ89,61.56430600450583,34.53815261044176,16.475283805489422,4,5,5,7.121167473066871,26,2,23,True,False
2FACC X 3IIH6,61.35860515231659,41.76706827309237,15.236139698601718,3,5,5,6.754834139733535,26,2,24,False,False
PHK76 X LH82,60.285042609462245,33.333333333333336,18.457702384558903,4,5,5,5.769167473066866,24,1,25,True,False
PHP02 X PHJ89,58.940150847291605,21.686746987951807,24.488288686280324,3,5,5,5.95883413973353,25,1,26,False,False
2369 X 3IIH6,58.54442158879421,36.54618473895582,13.739037349344056,4,5,5,6.183834139733538,26,2,27,True,False
PHN46 X PHB47,58.40043099226174,35.34136546184739,11.688079508295624,4,5,5,5.030167473066869,26,2,28,True,False
LH185 X W606S,58.10167499265354,40.562248995983936,15.348220375278535,3,5,5,5.166834139733532,13,1,29,False,False
PHP02 X LH198,57.70006856695072,38.55421686746988,11.683364947703662,4,5,5,5.526167473066861,26,2,30,True,False
LH82 X W606S,56.23273582133411,40.96385542168675,18.139757437322935,3,5,5,4.315167473066862,26,2,31,False,False
F42 X MO17,56.12106964443139,34.53815261044177,19.245141356234267,2,5,5,5.084167473066864,25,1,32,False,False
B14A X MO17,55.30414340287981,30.938387697129983,12.879436808251826,4,5,5,0.24516747306686426,26,2,33,True,False
LH195 X 3IIH6,54.53227544323636,17.670682730923698,20.893398207079805,4,5,5,3.7831674730668623,26,2,34,True,False
PHG39 X PHM49,53.867176021157796,36.40415319815849,10.855944159303785,3,5,5,2.5275008064001967,26,2,35,False,False
PHP02 X PHK76,52.77892056028994,27.710843373493976,16.898036388669087,3,5,5,2.3855008064001977,26,2,36,False,False
PHP02 X PHN46,52.323440101870894,44.97991967871486,6.440304181858853,3,5,5,1.4561674730668608,25,1,37,False,False
2369 X PHN82,51.428151630913895,32.53012048192771,15.173190072610204,3,5,5,1.1161674730668665,26,2,38,False,False
PHJ40 X LH82,51.33607601136252,27.363110980507397,21.07784982903587,1,5,5,1.0015008064001996,26,2,39,False,False
PHN46 X PHK56,51.32921931628955,24.11597609952003,25.61744563247808,2,5,5,-0.826499193599797,26,2,40,False,False
LH74 X PHM49,51.100989323146244,25.301204819277107,20.762907453363287,2,5,5,0.06150080640019602,25,1,41,False,False
B73 X MO17,50.79439710059752,36.54618473895582,13.95151221484024,1,5,5,1.1628341397335322,23,1,42,False,False
B73 X PHM49,50.69154667450289,14.658634538152612,28.921775824473748,2,5,5,1.3728341397335326,26,2,43,False,False
PHT69 X 3IIH6,50.446664707610935,28.91566265060241,16.888034936709087,3,5,5,-1.1298325269331364,26,2,44,False,False
B73 X 3IIH6,49.31726907630522,6.024096385542169,33.90224339277254,3,5,5,1.8408341397335313,26,2,45,False,False
PHB47 X LH185,48.18003722205897,23.694779116465863,18.671466587286556,2,5,5,-0.11283252693313486,26,2,46,False,False
PHW52 X PHZ51,48.06249387795083,33.485160152806344,11.488528883089016,2,5,5,-0.686165860266471,25,1,47,False,False
PHN46 X W606S,47.929278087961606,24.184543050249783,14.726206584621453,3,5,5,-0.31783252693313957,26,2,48,False,False
LH145 X LH162,47.80291899304535,10.701341953178568,22.910190381994166,3,5,5,-0.626832526933135,26,2,49,False,False
LH74 X PHN82,45.84484278577726,30.830639631697522,11.935324027704144,2,5,5,-1.8361658602664679,26,2,50,False,False
PHP02 X LH185,45.71750416299344,24.571456557939076,19.029119148770622,1,5,5,-2.7324991935998026,26,2,51,False,False
F42 X OH43,44.69585659712019,19.27710843373494,13.242121275881596,2,5,5,-4.164499193599804,26,2,52,False,False
LH195 X PHZ51,44.36183759427956,30.522088353413654,14.574205640278423,2,5,5,-2.565499193599802,26,2,53,False,False
PHB47 X PHJ89,44.35889901067685,11.646586345381527,18.36760405626114,3,5,5,-8.467832526933133,13,1,54,False,False
PHK56 X 3IIH6,44.232539915760604,12.449799196787149,21.601138678426214,2,5,5,-2.3011658602664613,25,1,55,False,False
2369 X PHP02,44.196297384660596,27.710843373493976,16.40587039662722,1,5,5,-2.942499193599798,26,2,56,False,False
PHK76 X LH198,43.30002938583603,24.096385542168676,9.852909121945505,1,5,5,-3.550499193599798,26,2,57,False,False
LH185 X LH145,43.111960035263,6.827309236947792,30.658745568468408,2,5,5,-8.887832526933135,13,1,58,False,False
4N506 X 3IIH6,42.30384954451954,17.670682730923698,19.29438318858063,1,5,5,-3.111165860266466,26,2,59,False,False
LH198 X PHZ51,40.21941424233519,22.08835341365462,12.983439954720101,1,5,5,-6.047499193599798,26,2,60,False,False
2369 X PHZ51,37.819570966794004,10.04016064257028,24.35231415562647,2,5,5,-7.0934991935998,25,1,61,False,False
B84 X 3IIH6,37.227936134783036,3.6144578313253013,20.372968008759482,1,5,5,-9.536165860266468,26,2,62,False,False
PHB47 X 3IIH6,34.28053678127143,6.425702811244981,24.97485160010131,1,5,5,-10.265499193599796,26,2,63,False,False
PHP02 X LH82,33.838769712998335,18.473895582329316,13.04194416199598,1,5,5,-9.332165860266468,26,2,64,False,False
PHK76 X W606S,33.784895680282105,16.867469879518072,21.714893555527258,1,5,5,-10.230499193599803,25,1,65,False,False
PHK56 X LH145,33.427368008619844,19.747281810167497,16.135529913236482,1,5,5,-10.483832526933131,13,1,66,False,False
LH123HT X 3IIH6,32.494857478695266,1.2048192771084338,25.280880345426393,2,5,5,-13.711499193599801,25,1,67,False,False
B37 X MO17,31.81604466647076,21.32921931628955,12.678376367753732,1,5,5,-11.645832526933134,26,2,68,False,False
LH195 X LH123HT,31.67205406993829,8.032128514056225,22.397085452977564,1,5,5,-11.192832526933133,26,2,69,False,False
2369 X LH123HT,31.445783132530117,2.4096385542168677,19.819836582639773,2,5,5,-12.147499193599804,26,2,70,False,False
B73 X PHZ51,31.3458712900382,7.228915662650603,13.987353523659817,1,5,5,-10.522499193599803,26,2,71,False,False
LH198 X PHB47,31.205798804976006,15.662650602409638,9.658882670270053,0,5,5,-9.837499193599799,26,2,72,False,False
LH82 X PHB47,29.490645508864723,8.032128514056225,14.93005604179318,1,5,5,-12.915165860266464,26,2,73,False,False
LH123HT X PHB47,28.787344499951026,2.4096385542168677,19.7417377593341,1,5,5,-12.196165860266468,26,2,74,False,False
PHP02 X PHB47,28.46899794299148,18.072289156626507,10.163889281341067,0,5,5,-12.79983252693313,26,2,75,False,False
PHK76 X 3IIH6,28.058575766480555,4.819277108433735,13.963303573391716,0,5,5,-13.094165860266472,26,2,76,False,False
PHP02 X LH145,25.863453815261046,5.220883534136546,19.30653710852834,1,5,5,-22.235832526933134,26,2,77,False,False
PHZ51 X LH145,24.91527083945538,4.016064257028113,23.364118397248554,1,5,5,-20.837832526933134,26,2,78,False,False
B105 X 3IIH6,22.759330002938583,0.0,11.880999538630508,0,5,5,-20.6484991935998,26,2,79,False,False
PHK76 X LH145,20.809090018611027,4.819277108433735,23.603843487624477,1,5,5,-23.186499193599804,26,2,80,False,False
B37 X OH43,19.13703594867274,9.23694779116466,9.074699312753948,0,5,5,-22.663832526933135,26,2,81,False,False
LH195 X PHM49,15.548045841904202,0.0,12.215438138857044,0,5,5,-31.042832526933132,26,2,82,False,False
B37 X H95,8.693309824664514,2.4096385542168677,6.074077501816487,0,5,5,-33.34916586026647,25,1,83,False,False
WF9 X H95,5.9045939856988925,1.2048192771084338,4.658449173850711,0,5,5,-40.24683252693313,25,1,84,False,False
