index,qrCode,location,irrigationProvided,nitrogenTreatment,poundsOfNitrogenPerAcre,experiment,plotLength,block,row,range,plotNumber,genotype,plantingDate,totalStandCount,daysToAnthesis,GDDToAnthesis,yieldPerAcre,invalid_plot_key,plot_id,planting_doy
0,,Scottsbluff,,Low,0,__MISSING__,,,23,4,,,,,,,,True,__INVALID_ROW_118,
0,,Scottsbluff,,Medium,0,__MISSING__,,,23,17,,,,,,,,True,__INVALID_ROW_119,
0,,Scottsbluff,,High,0,__MISSING__,,,23,26,,,,,,,,True,__INVALID_ROW_120,
1,,Scottsbluff,,Low,0,__MISSING__,,,23,7,,,,,,,,True,__INVALID_ROW_121,
1,,Scottsbluff,,Medium,0,__MISSING__,,,24,17,,,,,,,,True,__INVALID_ROW_122,
1,,Scottsbluff,,High,0,__MISSING__,,,24,26,,,,,,,,True,__INVALID_ROW_123,
2,,Scottsbluff,,Low,0,__MISSING__,,,24,7,,,,,,,,True,__INVALID_ROW_124,
2,,Scottsbluff,,Medium,0,__MISSING__,,,25,17,,,,,,,,True,__INVALID_ROW_125,
2,,Scottsbluff,,High,0,__MISSING__,,,25,26,,,,,,,,True,__INVALID_ROW_126,
3,,Scottsbluff,,Low,0,__MISSING__,,,25,7,,,,,,,,True,__INVALID_ROW_127,
3,,Scottsbluff,,Medium,0,__MISSING__,,,26,17,,,,,,,,True,__INVALID_ROW_128,
3,,Scottsbluff,,High,0,__MISSING__,,,26,26,,,,,,,,True,__INVALID_ROW_129,
4,,Scottsbluff,,Low,0,__MISSING__,,,26,7,,,,,,,,True,__INVALID_ROW_130,
4,,Scottsbluff,,Medium,0,__MISSING__,,,27,17,,,,,,,,True,__INVALID_ROW_131,
4,,Scottsbluff,,High,0,__MISSING__,,,27,26,,,,,,,,True,__INVALID_ROW_132,
5,,Scottsbluff,,Low,0,__MISSING__,,,27,7,,,,,,,,True,__INVALID_ROW_133,
